{"type": "FeatureCollection", "features": [{"type": "Feature", "id": "OMN", "properties": {"name": "Oman", "iso3": "OMN"}, "geometry": {"type": "MultiPolygon", "coordinates": [[[[56.260625, 25.331075], [56.290688, 25.327543], [56.309369, 25.301328], [56.349123, 25.294025], [56.344375, 25.266528], [56.316426, 25.253355], [56.29315, 25.245846], [56.281763, 25.23691], [56.252204, 25.217635], [56.235771, 25.211175], [56.219958, 25.215258], [56.207625, 25.220835], [56.206123, 25.230596], [56.208375, 25.255374], [56.235126, 25.267476], [56.244887, 25.277988], [56.23888, 25.286247], [56.235668, 25.296287], [56.233625, 25.312526], [56.260625, 25.331075]], [[56.263026, 25.249223], [56.282979, 25.255476], [56.288328, 25.271926], [56.273812, 25.281289], [56.265075, 25.281175], [56.259578, 25.275982], [56.263026, 25.249223]]], [[[56.077397, 26.061048], [56.077485, 26.061347], [56.082042, 26.070705], [56.091482, 26.106513], [56.157725, 26.201077], [56.181814, 26.245998], [56.191905, 26.255072], [56.208263, 26.263088], [56.209158, 26.257554], [56.208263, 26.244045], [56.2199, 26.227729], [56.216807, 26.222113], [56.212413, 26.207831], [56.2199, 26.207831], [56.229503, 26.216783], [56.255544, 26.218085], [56.260753, 26.224595], [56.266856, 26.227484], [56.279959, 26.22309], [56.29184, 26.211859], [56.294932, 26.194241], [56.301931, 26.205308], [56.308849, 26.204739], [56.317393, 26.200629], [56.329112, 26.201077], [56.356293, 26.219143], [56.366954, 26.221503], [56.397472, 26.213853], [56.404145, 26.214748], [56.406912, 26.223131], [56.402354, 26.232082], [56.394542, 26.239163], [56.38738, 26.242011], [56.367849, 26.244086], [56.355724, 26.243394], [56.346853, 26.238593], [56.341156, 26.232327], [56.331309, 26.223456], [56.319591, 26.217922], [56.308442, 26.221503], [56.308279, 26.232611], [56.315929, 26.274644], [56.315929, 26.290432], [56.345225, 26.269232], [56.358409, 26.26496], [56.36378, 26.279527], [56.35906, 26.28734], [56.34783, 26.297431], [56.333995, 26.306138], [56.322276, 26.309638], [56.326508, 26.318915], [56.332042, 26.320746], [56.338145, 26.320705], [56.344005, 26.32392], [56.356293, 26.337592], [56.361827, 26.349514], [56.360525, 26.371283], [56.36378, 26.385972], [56.369965, 26.385972], [56.383637, 26.35871], [56.399099, 26.367906], [56.404145, 26.372301], [56.411632, 26.364936], [56.406912, 26.357367], [56.406505, 26.354804], [56.408702, 26.352362], [56.411632, 26.345038], [56.421072, 26.352118], [56.426931, 26.349595], [56.431895, 26.342963], [56.438975, 26.337592], [56.462169, 26.331855], [56.474376, 26.330797], [56.487315, 26.331366], [56.485199, 26.335883], [56.481781, 26.347357], [56.479828, 26.351874], [56.500987, 26.35871], [56.511078, 26.333482], [56.508962, 26.323717], [56.494965, 26.32274], [56.469574, 26.32392], [56.45281, 26.318345], [56.422862, 26.294623], [56.406261, 26.284898], [56.407481, 26.284857], [56.407237, 26.27912], [56.398611, 26.268704], [56.420909, 26.247626], [56.432302, 26.239447], [56.445811, 26.235175], [56.454926, 26.239325], [56.465343, 26.24726], [56.476248, 26.249172], [56.487315, 26.235175], [56.468761, 26.205512], [56.459646, 26.202094], [56.453298, 26.221503], [56.443044, 26.220445], [56.431977, 26.221503], [56.435802, 26.211615], [56.43686, 26.205268], [56.435395, 26.200141], [56.431977, 26.194241], [56.444591, 26.182359], [56.459727, 26.174262], [56.472911, 26.164008], [56.479828, 26.145819], [56.46811, 26.145982], [56.457367, 26.148424], [56.447765, 26.153144], [56.438975, 26.160102], [56.424571, 26.153795], [56.412446, 26.158433], [56.404959, 26.1706], [56.404145, 26.186754], [56.398285, 26.183417], [56.383149, 26.176988], [56.377452, 26.173733], [56.376964, 26.184394], [56.378917, 26.192532], [56.383637, 26.198065], [56.391124, 26.201077], [56.368419, 26.204535], [56.343598, 26.191392], [56.328787, 26.172838], [56.335948, 26.160102], [56.330903, 26.149319], [56.329763, 26.137112], [56.331716, 26.124213], [56.335948, 26.11164], [56.344737, 26.131822], [56.353038, 26.142646], [56.36378, 26.145819], [56.370128, 26.139472], [56.371104, 26.127834], [56.368337, 26.114895], [56.36378, 26.104885], [56.383311, 26.09748], [56.472992, 26.098619], [56.464366, 26.085354], [56.449229, 26.073554], [56.418305, 26.057074], [56.389171, 26.047105], [56.380138, 26.038235], [56.383637, 26.022284], [56.408865, 26.034369], [56.422862, 26.023139], [56.42335, 26.004625], [56.400401, 25.990465], [56.40504, 25.980455], [56.418305, 25.963935], [56.42213, 25.95661], [56.431163, 25.952704], [56.453298, 25.94717], [56.445486, 25.94245], [56.442638, 25.939276], [56.438975, 25.926093], [56.424164, 25.933173], [56.407888, 25.937405], [56.393321, 25.935858], [56.383637, 25.926093], [56.399425, 25.90233], [56.392589, 25.880439], [56.37615, 25.85928], [56.36378, 25.837958], [56.362641, 25.830634], [56.36378, 25.806871], [56.344005, 25.789537], [56.327403, 25.762397], [56.316254, 25.749579], [56.301768, 25.741767], [56.301768, 25.762885], [56.287934, 25.741604], [56.273774, 25.709133], [56.266612, 25.672593], [56.273774, 25.639309], [56.279055, 25.627446], [56.237528, 25.616577], [56.221508, 25.613838], [56.205799, 25.617766], [56.198771, 25.625259], [56.188849, 25.645412], [56.179857, 25.652079], [56.156396, 25.655903], [56.152496, 25.657961], [56.150815, 25.658848], [56.145131, 25.670837], [56.140376, 25.715537], [56.141203, 25.732694], [56.151952, 25.743133], [56.164871, 25.752176], [56.172002, 25.76525], [56.167352, 25.777704], [56.144097, 25.805919], [56.139653, 25.822973], [56.144511, 25.837907], [56.163838, 25.862454], [56.170555, 25.87682], [56.17469, 25.96653], [56.181304, 25.996244], [56.183475, 26.014537], [56.17841, 26.035001], [56.162701, 26.073552], [56.151332, 26.074792], [56.100586, 26.062855], [56.077397, 26.061048]]], [[[56.383311, 24.978217], [56.405447, 24.897284], [56.469574, 24.775336], [56.480317, 24.765123], [56.486827, 24.741848], [56.4935, 24.700181], [56.611176, 24.496324], [56.63559, 24.471381], [56.692149, 24.425238], [56.801443, 24.302965], [56.82309, 24.271145], [56.832286, 24.252509], [56.841075, 24.223822], [56.939464, 24.115912], [57.058279, 24.023098], [57.151541, 23.953559], [57.184255, 23.934272], [57.326345, 23.884019], [57.509613, 23.839097], [57.586436, 23.80744], [57.645193, 23.790432], [57.686778, 23.783352], [57.709727, 23.782213], [57.777354, 23.785956], [57.795746, 23.782213], [57.824392, 23.747626], [57.834972, 23.740058], [57.859223, 23.734076], [57.887706, 23.720852], [57.912771, 23.717841], [58.043142, 23.724555], [58.086762, 23.722113], [58.131602, 23.713324], [58.193207, 23.689358], [58.210297, 23.685981], [58.227387, 23.679145], [58.264171, 23.644843], [58.2824, 23.631415], [58.317231, 23.620917], [58.363536, 23.615546], [58.411957, 23.616197], [58.452973, 23.623969], [58.474864, 23.631537], [58.483653, 23.638129], [58.490896, 23.656562], [58.499522, 23.656887], [58.518565, 23.651923], [58.561371, 23.651109], [58.584158, 23.646959], [58.604503, 23.6376], [58.613292, 23.625067], [58.633311, 23.585273], [58.6421, 23.576809], [58.647146, 23.574897], [58.651541, 23.570543], [58.655528, 23.565741], [58.659028, 23.562486], [58.661306, 23.563137], [58.66684, 23.56391], [58.674001, 23.563951], [58.680349, 23.562486], [58.694591, 23.551418], [58.702403, 23.542955], [58.706879, 23.535142], [58.714366, 23.535142], [58.720551, 23.548814], [58.722911, 23.543402], [58.724946, 23.540107], [58.726817, 23.536078], [58.728038, 23.528388], [58.734874, 23.528388], [58.736013, 23.53266], [58.740977, 23.54206], [58.746349, 23.537665], [58.749522, 23.536444], [58.762055, 23.54206], [58.786143, 23.512112], [58.792979, 23.495673], [58.789399, 23.480618], [58.797374, 23.466783], [58.807628, 23.421129], [58.820567, 23.40176], [58.879161, 23.351264], [58.915212, 23.336086], [58.929454, 23.318101], [58.946544, 23.275092], [58.956228, 23.259426], [58.986501, 23.232489], [59.00172, 23.212388], [59.010102, 23.153306], [59.073741, 23.093248], [59.077891, 23.08515], [59.083669, 23.055365], [59.087901, 23.048407], [59.09254, 23.043647], [59.120453, 23.022773], [59.173676, 22.993964], [59.20753, 22.970364], [59.23227, 22.94302], [59.250011, 22.912014], [59.286143, 22.826483], [59.289806, 22.812079], [59.297537, 22.792711], [59.315684, 22.779486], [59.351817, 22.761176], [59.391612, 22.702216], [59.397227, 22.686103], [59.410655, 22.670844], [59.452485, 22.634101], [59.483897, 22.618842], [59.506847, 22.600084], [59.529796, 22.587877], [59.535492, 22.583075], [59.536469, 22.572577], [59.530447, 22.570054], [59.521983, 22.57217], [59.515636, 22.575588], [59.515798, 22.56151], [59.523123, 22.555121], [59.535167, 22.55386], [59.549815, 22.555121], [59.626801, 22.57982], [59.653494, 22.569729], [59.693858, 22.541449], [59.699962, 22.54092], [59.715668, 22.542914], [59.721202, 22.541449], [59.723969, 22.536811], [59.725841, 22.526109], [59.728526, 22.520982], [59.728363, 22.518134], [59.727224, 22.513577], [59.728038, 22.507636], [59.734711, 22.500474], [59.739757, 22.497789], [59.746104, 22.495592], [59.752778, 22.494208], [59.758962, 22.493638], [59.762543, 22.498603], [59.756033, 22.509426], [59.741547, 22.524726], [59.745779, 22.538235], [59.756358, 22.538479], [59.776378, 22.541449], [59.803233, 22.534735], [59.82488, 22.508857], [59.839366, 22.475287], [59.844574, 22.445258], [59.82488, 22.281399], [59.811778, 22.237372], [59.791759, 22.198065], [59.734711, 22.123114], [59.704926, 22.099555], [59.688162, 22.082709], [59.680675, 22.06509], [59.677989, 22.041897], [59.659679, 21.994045], [59.65504, 21.945746], [59.645274, 21.925849], [59.605642, 21.910224], [59.593435, 21.892768], [59.576996, 21.856269], [59.497895, 21.756334], [59.467621, 21.666409], [59.448578, 21.624905], [59.354991, 21.485663], [59.347504, 21.453559], [59.344249, 21.444729], [59.336192, 21.43773], [59.195323, 21.379096], [59.16627, 21.362779], [59.054373, 21.277086], [58.9192, 21.143704], [58.878103, 21.083808], [58.867931, 21.074774], [58.854259, 21.065619], [58.838552, 21.044501], [58.807872, 20.99079], [58.804454, 20.981594], [58.801931, 20.946234], [58.798839, 20.936021], [58.792979, 20.927395], [58.734874, 20.883002], [58.739024, 20.86225], [58.722179, 20.848049], [58.680349, 20.828355], [58.681488, 20.826483], [58.673839, 20.808173], [58.672699, 20.807847], [58.665782, 20.801581], [58.661306, 20.796332], [58.659028, 20.790839], [58.661469, 20.781643], [58.667654, 20.772284], [58.676443, 20.76439], [58.686534, 20.759467], [58.701345, 20.766018], [58.71811, 20.780829], [58.72934, 20.786811], [58.728038, 20.766913], [58.71811, 20.753648], [58.69988, 20.74079], [58.681814, 20.735907], [58.672699, 20.746405], [58.666515, 20.746405], [58.660899, 20.732327], [58.653331, 20.705268], [58.645356, 20.691148], [58.637462, 20.684394], [58.615408, 20.672431], [58.604503, 20.663275], [58.591807, 20.643948], [58.580821, 20.618476], [58.573253, 20.590644], [58.570486, 20.564276], [58.545095, 20.516425], [58.531261, 20.481391], [58.532481, 20.465277], [58.526866, 20.457709], [58.521495, 20.424384], [58.518565, 20.416815], [58.510427, 20.415229], [58.497081, 20.410793], [58.483572, 20.404202], [58.474132, 20.396389], [58.467459, 20.369534], [58.445811, 20.358629], [58.417654, 20.359605], [58.391612, 20.368476], [58.372569, 20.377387], [58.359141, 20.381578], [58.326427, 20.382717], [58.313813, 20.380805], [58.29005, 20.371405], [58.275564, 20.368476], [58.278656, 20.377387], [58.284516, 20.381985], [58.279633, 20.384833], [58.244151, 20.394232], [58.224294, 20.396389], [58.202891, 20.404731], [58.200531, 20.424384], [58.21339, 20.465277], [58.213227, 20.452704], [58.217296, 20.441555], [58.224783, 20.43183], [58.23463, 20.423651], [58.238455, 20.443834], [58.228282, 20.488837], [58.238048, 20.509345], [58.251313, 20.529202], [58.261567, 20.558092], [58.264171, 20.587633], [58.255138, 20.60928], [58.234874, 20.615668], [58.20574, 20.613349], [58.17628, 20.604722], [58.144216, 20.585191], [58.103526, 20.575141], [58.090831, 20.56684], [58.084483, 20.558051], [58.067231, 20.511054], [58.06658, 20.499823], [58.07309, 20.489163], [58.075857, 20.480048], [58.067638, 20.47248], [58.055349, 20.467231], [58.030772, 20.4619], [58.012462, 20.453437], [57.994395, 20.442288], [57.970714, 20.42121], [57.962087, 20.410875], [57.955821, 20.399563], [57.95338, 20.38642], [57.956554, 20.376939], [57.970714, 20.361884], [57.973888, 20.352281], [57.966563, 20.330227], [57.948741, 20.317572], [57.90504, 20.300767], [57.888438, 20.290717], [57.870453, 20.277045], [57.85613, 20.260647], [57.850352, 20.242418], [57.8449, 20.231187], [57.833507, 20.218329], [57.823741, 20.201077], [57.823009, 20.176663], [57.84197, 20.136054], [57.847992, 20.111762], [57.831716, 20.075344], [57.816254, 20.020738], [57.815684, 20.006578], [57.81365, 19.976996], [57.790375, 19.924018], [57.773692, 19.867865], [57.762055, 19.842963], [57.698904, 19.754381], [57.68922, 19.728176], [57.69337, 19.697455], [57.70045, 19.685981], [57.709239, 19.676744], [57.716807, 19.666815], [57.719981, 19.653062], [57.720551, 19.622626], [57.718923, 19.607978], [57.713878, 19.595038], [57.706554, 19.568834], [57.704438, 19.548733], [57.711762, 19.529486], [57.760265, 19.454088], [57.767833, 19.437445], [57.773936, 19.409654], [57.773774, 19.38288], [57.769054, 19.357611], [57.752208, 19.311591], [57.748302, 19.291002], [57.750662, 19.268052], [57.770844, 19.216946], [57.780528, 19.201117], [57.805675, 19.173], [57.81186, 19.156887], [57.802989, 19.115139], [57.802013, 19.094794], [57.839854, 19.029975], [57.840099, 19.015326], [57.815684, 18.991767], [57.801117, 18.980658], [57.79713, 18.979234], [57.752289, 18.973049], [57.747325, 18.967841], [57.742849, 18.961859], [57.731944, 18.953803], [57.719412, 18.946926], [57.709727, 18.943996], [57.501475, 18.953681], [57.445323, 18.945339], [57.20753, 18.90998], [57.083751, 18.87637], [56.91505, 18.810289], [56.850352, 18.765815], [56.807791, 18.745592], [56.784679, 18.728583], [56.77475, 18.70718], [56.766449, 18.696845], [56.659679, 18.595364], [56.641124, 18.559272], [56.636892, 18.511949], [56.643403, 18.479193], [56.644298, 18.467597], [56.641124, 18.454901], [56.626638, 18.435858], [56.621267, 18.419582], [56.612315, 18.399604], [56.60963, 18.389065], [56.60963, 18.34748], [56.600597, 18.305406], [56.548839, 18.189846], [56.563731, 18.170233], [56.56129, 18.149237], [56.547211, 18.129706], [56.527599, 18.114691], [56.484141, 18.096503], [56.462576, 18.084418], [56.431977, 18.032172], [56.425629, 18.027411], [56.411306, 18.023179], [56.404145, 18.01911], [56.357677, 17.969794], [56.354991, 17.962307], [56.356293, 17.940009], [56.3449, 17.937812], [56.188487, 17.957099], [56.168224, 17.954088], [56.138357, 17.940579], [56.116222, 17.936591], [56.031098, 17.943427], [56.010753, 17.940375], [55.946056, 17.915473], [55.909434, 17.906643], [55.653494, 17.895331], [55.552908, 17.870266], [55.530528, 17.868313], [55.522472, 17.866441], [55.517345, 17.86225], [55.512869, 17.857489], [55.506602, 17.85399], [55.488292, 17.853461], [55.486827, 17.85399], [55.453949, 17.845404], [55.44516, 17.84101], [55.431651, 17.824652], [55.417328, 17.785224], [55.40797, 17.768704], [55.393077, 17.752143], [55.388682, 17.744289], [55.373383, 17.703315], [55.369477, 17.696357], [55.355724, 17.681586], [55.263194, 17.607733], [55.235037, 17.558824], [55.228201, 17.538764], [55.225434, 17.515448], [55.229503, 17.488593], [55.240082, 17.475165], [55.273774, 17.457424], [55.293224, 17.43769], [55.300792, 17.416815], [55.301117, 17.371161], [55.2942, 17.352118], [55.253429, 17.29914], [55.251231, 17.289984], [55.249522, 17.276109], [55.250662, 17.263617], [55.256847, 17.258205], [55.264822, 17.254788], [55.265147, 17.247056], [55.260265, 17.23428], [55.254731, 17.228705], [55.228526, 17.216132], [55.219249, 17.210395], [55.213145, 17.202094], [55.209321, 17.193549], [55.205089, 17.176215], [55.195486, 17.160834], [55.198741, 17.155748], [55.18922, 17.144761], [55.158865, 17.13581], [55.143565, 17.127834], [55.138438, 17.118883], [55.132986, 17.105048], [55.124766, 17.092475], [55.112559, 17.086859], [55.071788, 17.042182], [55.026866, 17.011135], [55.020681, 17.011135], [55.010916, 17.026272], [54.999197, 17.01968], [54.98699, 17.005357], [54.975352, 16.997463], [54.959646, 16.994859], [54.945079, 16.989976], [54.931326, 16.987128], [54.917003, 16.990668], [54.901378, 16.974921], [54.882823, 16.969062], [54.841807, 16.963935], [54.808442, 16.951483], [54.79184, 16.951402], [54.780528, 16.963935], [54.769054, 16.957913], [54.750743, 16.960517], [54.739431, 16.956488], [54.705333, 16.977607], [54.697927, 16.97016], [54.689789, 16.989325], [54.685313, 17.006903], [54.674083, 17.019761], [54.633149, 17.026923], [54.60434, 17.036322], [54.592052, 17.038479], [54.580333, 17.03734], [54.559744, 17.032701], [54.547699, 17.031643], [54.51238, 17.038398], [54.499278, 17.038479], [54.488536, 17.03559], [54.467621, 17.026679], [54.461681, 17.024807], [54.414561, 17.037828], [54.389985, 17.039455], [54.369477, 17.024807], [54.360118, 17.029608], [54.350352, 17.031684], [54.164073, 17.011135], [54.084972, 17.011135], [54.067556, 17.006741], [54.023448, 16.985338], [54.012706, 16.977607], [54.008962, 16.968655], [54.009288, 16.960924], [54.011404, 16.953681], [54.012706, 16.94599], [54.009451, 16.937445], [53.995372, 16.92536], [53.992198, 16.919257], [53.98113, 16.908759], [53.955903, 16.903876], [53.910167, 16.901272], [53.850352, 16.889146], [53.83074, 16.887641], [53.812673, 16.881781], [53.792003, 16.870307], [53.771332, 16.862616], [53.753184, 16.867743], [53.73463, 16.856147], [53.709321, 16.836005], [53.687022, 16.813625], [53.677501, 16.795111], [53.669281, 16.784084], [53.650564, 16.773179], [53.615408, 16.75788], [53.582693, 16.749945], [53.423025, 16.746812], [53.338634, 16.734809], [53.175304, 16.684516], [53.090343, 16.642401], [53.027905, 16.777478], [52.965273, 16.912922], [52.902745, 17.048263], [52.840319, 17.183707], [52.801562, 17.267423], [52.79102, 17.28122], [52.773864, 17.287111], [52.736243, 17.289178], [52.721464, 17.29817], [52.723014, 17.298687], [52.728285, 17.299359], [52.730145, 17.299875], [52.698416, 17.371447], [52.655628, 17.467979], [52.61284, 17.564562], [52.570207, 17.661094], [52.527419, 17.757625], [52.484527, 17.854157], [52.441739, 17.950637], [52.399003, 18.047272], [52.356163, 18.143777], [52.313323, 18.240283], [52.27069, 18.336866], [52.227799, 18.433424], [52.185011, 18.52993], [52.142326, 18.626513], [52.099538, 18.723044], [52.05675, 18.819628], [52.013962, 18.916159], [51.985689, 18.979732], [51.978615, 18.995638], [52.089926, 19.032638], [52.261078, 19.089689], [52.432127, 19.146739], [52.603125, 19.20379], [52.77438, 19.260789], [52.945533, 19.317866], [53.116582, 19.374917], [53.287837, 19.431942], [53.458886, 19.488992], [53.630039, 19.545992], [53.801088, 19.603068], [53.97224, 19.660119], [54.143496, 19.717144], [54.314648, 19.774195], [54.485594, 19.831194], [54.656746, 19.888193], [54.827898, 19.945269], [54.97838, 19.995421], [55.010523, 20.092005], [55.017137, 20.111745], [55.035741, 20.167556], [55.064473, 20.254269], [55.101887, 20.366846], [55.146225, 20.49999], [55.195525, 20.64856], [55.248338, 20.807413], [55.302908, 20.971486], [55.344624, 21.096909], [55.357478, 21.135559], [55.410188, 21.294464], [55.459591, 21.443033], [55.503826, 21.576152], [55.54124, 21.688651], [55.570075, 21.775416], [55.588575, 21.831227], [55.59519, 21.851019], [55.600171, 21.86606], [55.637565, 21.97897], [55.637048, 22.001914], [55.626713, 22.023773], [55.573589, 22.105939], [55.492767, 22.230789], [55.412049, 22.355691], [55.331123, 22.480593], [55.250405, 22.605495], [55.186843, 22.703577], [55.197592, 22.849459], [55.191287, 22.995368], [55.191287, 22.995471], [55.194801, 23.025081], [55.22591, 23.121251], [55.321098, 23.275092], [55.343216, 23.336277], [55.364093, 23.436012], [55.375255, 23.469344], [55.393962, 23.495182], [55.394169, 23.495285], [55.431479, 23.532932], [55.445328, 23.552259], [55.478298, 23.67636], [55.487393, 23.693258], [55.534109, 23.756768], [55.538346, 23.770049], [55.535142, 23.845884], [55.530595, 23.874668], [55.514575, 23.896605], [55.478298, 23.916577], [55.461555, 23.930556], [55.45277, 23.948565], [55.456801, 23.963164], [55.499795, 23.970605], [55.542273, 23.985436], [55.561704, 23.995229], [55.591056, 24.010008], [55.618341, 24.020137], [55.646866, 24.02502], [55.680043, 24.024271], [55.712599, 24.019233], [55.727998, 24.019594], [55.744432, 24.025279], [55.762415, 24.028147], [55.78846, 24.009569], [55.807063, 24.007476], [55.923542, 24.051143], [55.986794, 24.06538], [55.997853, 24.08127], [55.960749, 24.142429], [55.948967, 24.18483], [55.933154, 24.220719], [55.903182, 24.232243], [55.847164, 24.211417], [55.830318, 24.21227], [55.767686, 24.224879], [55.755697, 24.230331], [55.754147, 24.245472], [55.762105, 24.262965], [55.800966, 24.326268], [55.807373, 24.340789], [55.810887, 24.389236], [55.808614, 24.397633], [55.801069, 24.40647], [55.781019, 24.418872], [55.774611, 24.4259], [55.771407, 24.441093], [55.77368, 24.49525], [55.761175, 24.537444], [55.759831, 24.558528], [55.76996, 24.572403], [55.784016, 24.58633], [55.790217, 24.619868], [55.818226, 24.643381], [55.814918, 24.662733], [55.799981, 24.693258], [55.794764, 24.70392], [55.792697, 24.722291], [55.797038, 24.759549], [55.797038, 24.778359], [55.788667, 24.855202], [55.799105, 24.886105], [55.829388, 24.921167], [55.857826, 24.944851], [55.862151, 24.948452], [55.89698, 24.968606], [55.935428, 24.977727], [55.975873, 24.972112], [55.978422, 24.971759], [56.005604, 24.956178], [56.016973, 24.926619], [56.025252, 24.882562], [56.029272, 24.861171], [56.005294, 24.876984], [55.992375, 24.883004], [55.978422, 24.886105], [55.960852, 24.881247], [55.957649, 24.868664], [55.96478, 24.853859], [56.00209, 24.823008], [56.031546, 24.754149], [56.062138, 24.731773], [56.07627, 24.729972], [56.077951, 24.729758], [56.099139, 24.730507], [56.118259, 24.735416], [56.127251, 24.7457], [56.133348, 24.762831], [56.154846, 24.786705], [56.171176, 24.82399], [56.171366, 24.824069], [56.186265, 24.830243], [56.223679, 24.83448], [56.241662, 24.842438], [56.274683, 24.871949], [56.280316, 24.876984], [56.308325, 24.895174], [56.313596, 24.90507], [56.314278, 24.911962], [56.316053, 24.929912], [56.31928, 24.962534], [56.324451, 24.967939], [56.328995, 24.972689], [56.383311, 24.978217]]], [[[55.836192, 17.490912], [55.832449, 17.500393], [55.831716, 17.502265], [55.831716, 17.502346], [55.837087, 17.510077], [55.848806, 17.515286], [55.862966, 17.518866], [55.883067, 17.507148], [55.89088, 17.504584], [55.890798, 17.504543], [55.875824, 17.495917], [55.845714, 17.49608], [55.836274, 17.490953], [55.836192, 17.490912]]], [[[56.055349, 17.559801], [56.055349, 17.559719], [56.058197, 17.545844], [56.058442, 17.544338], [56.067882, 17.532213], [56.081065, 17.523627], [56.095551, 17.518866], [56.063813, 17.499579], [56.046886, 17.493354], [56.031098, 17.490912], [55.986827, 17.492906], [55.97283, 17.498358], [55.964203, 17.519924], [55.990571, 17.535386], [56.028819, 17.547675], [56.055349, 17.559801]]], [[[58.906261, 20.626003], [58.908376, 20.604722], [58.914317, 20.587836], [58.945079, 20.535224], [58.953949, 20.519924], [58.950043, 20.508938], [58.941173, 20.500922], [58.902843, 20.474107], [58.862315, 20.452786], [58.844086, 20.437323], [58.82016, 20.403022], [58.808279, 20.379584], [58.796641, 20.331529], [58.787608, 20.314521], [58.787608, 20.314439], [58.787608, 20.30329], [58.787771, 20.302395], [58.789317, 20.293199], [58.789399, 20.286526], [58.785167, 20.279527], [58.751475, 20.248033], [58.733409, 20.224555], [58.724294, 20.215155], [58.715343, 20.212104], [58.702647, 20.210435], [58.691254, 20.20775], [58.686534, 20.201483], [58.683116, 20.190904], [58.674571, 20.179511], [58.663585, 20.171373], [58.652354, 20.170478], [58.652192, 20.170478], [58.646983, 20.179674], [58.642589, 20.187242], [58.637462, 20.218451], [58.636485, 20.249701], [58.638682, 20.266628], [58.638357, 20.267849], [58.635916, 20.277004], [58.642914, 20.356106], [58.648204, 20.368842], [58.659028, 20.382717], [58.664561, 20.387844], [58.682384, 20.400621], [58.689952, 20.403225], [58.691905, 20.405178], [58.693858, 20.407172], [58.698253, 20.425686], [58.700694, 20.431098], [58.717621, 20.436998], [58.734223, 20.437649], [58.751231, 20.440131], [58.768891, 20.451606], [58.77711, 20.462185], [58.780772, 20.466986], [58.784516, 20.479397], [58.785167, 20.481635], [58.789399, 20.519924], [58.795584, 20.538398], [58.804861, 20.553453], [58.852875, 20.613349], [58.871349, 20.649604], [58.882579, 20.682522], [58.891287, 20.694281], [58.906261, 20.697984], [58.918305, 20.681464], [58.918305, 20.681342], [58.917003, 20.664252], [58.910167, 20.645941], [58.906261, 20.626003]]]]}}, {"type": "Feature", "id": "ARE", "properties": {"name": "United Arab Emirates", "iso3": "ARE"}, "geometry": {"type": "MultiPolygon", "coordinates": [[[[56.279055, 25.627446], [56.300304, 25.616156], [56.323253, 25.607815], [56.340017, 25.60456], [56.347992, 25.593085], [56.369965, 25.525702], [56.36378, 25.433254], [56.365001, 25.423163], [56.368337, 25.396308], [56.366954, 25.388861], [56.359223, 25.37641], [56.360199, 25.367255], [56.369965, 25.351304], [56.374685, 25.341213], [56.379161, 25.334621], [56.382498, 25.32685], [56.382986, 25.321275], [56.383637, 25.313463], [56.38266, 25.302232], [56.378429, 25.28262], [56.375255, 25.252753], [56.365977, 25.209215], [56.362234, 25.068264], [56.36199, 25.057278], [56.383311, 24.978217], [56.328995, 24.972689], [56.324451, 24.967939], [56.31928, 24.962534], [56.316053, 24.929912], [56.314278, 24.911962], [56.313596, 24.90507], [56.308325, 24.895174], [56.280316, 24.876984], [56.274683, 24.871949], [56.241662, 24.842438], [56.223679, 24.83448], [56.186265, 24.830243], [56.171366, 24.824069], [56.171176, 24.82399], [56.154846, 24.786705], [56.133348, 24.762831], [56.127251, 24.7457], [56.118259, 24.735416], [56.099139, 24.730507], [56.077951, 24.729758], [56.07627, 24.729972], [56.062138, 24.731773], [56.031546, 24.754149], [56.00209, 24.823008], [55.96478, 24.853859], [55.957649, 24.868664], [55.960852, 24.881247], [55.978422, 24.886105], [55.992375, 24.883004], [56.005294, 24.876984], [56.029272, 24.861171], [56.025252, 24.882562], [56.016973, 24.926619], [56.005604, 24.956178], [55.978422, 24.971759], [55.975873, 24.972112], [55.935428, 24.977727], [55.89698, 24.968606], [55.862151, 24.948452], [55.857826, 24.944851], [55.829388, 24.921167], [55.799105, 24.886105], [55.788667, 24.855202], [55.797038, 24.778359], [55.797038, 24.759549], [55.792697, 24.722291], [55.794764, 24.70392], [55.799981, 24.693258], [55.814918, 24.662733], [55.818226, 24.643381], [55.790217, 24.619868], [55.784016, 24.58633], [55.76996, 24.572403], [55.759831, 24.558528], [55.761175, 24.537444], [55.77368, 24.49525], [55.771407, 24.441093], [55.774611, 24.4259], [55.781019, 24.418872], [55.801069, 24.40647], [55.808614, 24.397633], [55.810887, 24.389236], [55.807373, 24.340789], [55.800966, 24.326268], [55.762105, 24.262965], [55.754147, 24.245472], [55.755697, 24.230331], [55.767686, 24.224879], [55.830318, 24.21227], [55.847164, 24.211417], [55.903182, 24.232243], [55.933154, 24.220719], [55.948967, 24.18483], [55.960749, 24.142429], [55.997853, 24.08127], [55.986794, 24.06538], [55.923542, 24.051143], [55.807063, 24.007476], [55.78846, 24.009569], [55.762415, 24.028147], [55.744432, 24.025279], [55.727998, 24.019594], [55.712599, 24.019233], [55.680043, 24.024271], [55.646866, 24.02502], [55.618341, 24.020137], [55.591056, 24.010008], [55.561704, 23.995229], [55.542273, 23.985436], [55.499795, 23.970605], [55.456801, 23.963164], [55.45277, 23.948565], [55.461555, 23.930556], [55.478298, 23.916577], [55.514575, 23.896605], [55.530595, 23.874668], [55.535142, 23.845884], [55.538346, 23.770049], [55.534109, 23.756768], [55.487393, 23.693258], [55.478298, 23.67636], [55.445328, 23.552259], [55.431479, 23.532932], [55.394169, 23.495285], [55.393962, 23.495182], [55.375255, 23.469344], [55.364093, 23.436012], [55.343216, 23.336277], [55.321098, 23.275092], [55.22591, 23.121251], [55.194801, 23.025081], [55.191287, 22.995471], [55.191287, 22.995368], [55.197592, 22.849459], [55.186843, 22.703577], [55.120387, 22.623426], [55.105297, 22.620946], [54.968562, 22.637741], [54.829449, 22.654897], [54.690336, 22.671951], [54.551326, 22.689004], [54.41242, 22.70616], [54.273307, 22.723265], [54.134297, 22.740319], [53.995288, 22.757449], [53.856071, 22.77458], [53.717062, 22.791685], [53.578052, 22.808764], [53.438939, 22.825869], [53.29993, 22.842974], [53.16092, 22.860053], [53.021807, 22.877132], [52.882797, 22.894237], [52.743788, 22.911342], [52.583074, 22.931108], [52.558476, 22.938575], [52.538477, 22.95475], [52.484837, 23.018338], [52.432644, 23.080375], [52.380503, 23.142413], [52.328309, 23.20445], [52.276271, 23.26641], [52.224078, 23.328422], [52.171988, 23.390486], [52.119795, 23.452523], [52.067705, 23.514483], [52.015512, 23.576495], [51.963422, 23.638558], [51.911229, 23.700518], [51.859036, 23.76253], [51.806842, 23.82449], [51.754753, 23.886553], [51.702559, 23.948591], [51.65047, 24.010603], [51.593522, 24.078325], [51.578536, 24.101837], [51.573162, 24.127831], [51.575229, 24.191935], [51.575539, 24.217722], [51.569347, 24.256171], [51.590668, 24.28441], [51.591645, 24.328599], [51.573985, 24.364447], [51.593761, 24.384914], [51.602387, 24.367906], [51.62379, 24.339342], [51.62794, 24.319729], [51.62794, 24.26203], [51.634451, 24.226874], [51.648692, 24.218573], [51.662934, 24.232815], [51.672618, 24.278062], [51.679373, 24.265774], [51.689301, 24.234687], [51.695974, 24.224351], [51.700694, 24.22191], [51.709809, 24.221096], [51.718272, 24.22309], [51.723643, 24.227769], [51.724864, 24.232571], [51.720876, 24.234687], [51.740082, 24.277533], [51.7588, 24.290513], [51.77947, 24.26203], [51.782237, 24.240383], [51.771983, 24.176337], [51.773448, 24.153225], [51.785655, 24.103746], [51.786794, 24.093004], [51.785655, 24.059312], [51.787771, 24.04857], [51.79713, 24.028225], [51.799164, 24.018378], [51.809418, 24.000678], [51.833263, 23.99494], [51.881847, 23.993883], [51.893565, 23.990383], [51.902517, 23.985663], [51.919688, 23.970364], [51.928722, 23.964748], [51.936371, 23.964748], [51.939138, 23.969184], [51.93336, 23.977118], [51.931407, 23.987982], [51.952891, 23.990912], [52.01002, 23.98786], [52.016938, 23.989691], [52.023936, 23.98786], [52.036388, 23.977118], [52.067393, 23.963446], [52.075694, 23.963813], [52.117931, 23.970893], [52.13559, 23.966539], [52.145518, 23.971991], [52.155528, 23.966539], [52.171072, 23.973375], [52.188243, 23.97427], [52.206309, 23.973131], [52.224376, 23.974026], [52.240977, 23.979641], [52.279063, 24.00137], [52.295909, 24.00373], [52.32781, 24.003852], [52.341075, 24.007514], [52.35255, 24.016343], [52.364757, 24.027899], [52.378103, 24.037991], [52.392345, 24.042304], [52.408865, 24.045233], [52.428071, 24.052639], [52.444184, 24.06269], [52.450938, 24.07331], [52.456554, 24.084662], [52.48699, 24.096625], [52.501801, 24.107489], [52.514985, 24.119818], [52.532481, 24.131822], [52.550059, 24.141059], [52.56365, 24.144721], [52.574555, 24.152086], [52.577647, 24.169013], [52.577973, 24.187445], [52.58074, 24.199368], [52.600271, 24.20954], [52.618419, 24.203681], [52.634125, 24.189887], [52.670095, 24.144721], [52.681326, 24.140815], [52.685395, 24.143459], [52.68865, 24.148586], [52.697439, 24.152167], [52.720063, 24.151516], [52.760997, 24.140611], [52.782725, 24.137885], [52.795421, 24.139879], [52.816905, 24.149319], [52.827647, 24.152167], [52.839203, 24.152004], [52.84783, 24.149604], [52.854747, 24.146674], [52.86199, 24.144721], [52.947113, 24.137885], [52.956716, 24.139635], [52.992198, 24.152167], [52.996918, 24.155911], [52.998302, 24.161363], [52.999766, 24.165676], [53.00587, 24.165839], [53.010997, 24.162787], [53.014822, 24.158433], [53.017589, 24.154364], [53.019542, 24.152167], [53.048839, 24.12995], [53.067231, 24.121894], [53.107188, 24.137885], [53.127696, 24.130683], [53.146495, 24.121324], [53.163422, 24.124823], [53.149669, 24.132229], [53.145763, 24.14175], [53.145356, 24.153062], [53.142426, 24.165839], [53.165294, 24.170315], [53.19158, 24.15941], [53.215587, 24.141547], [53.231781, 24.124823], [53.245616, 24.104153], [53.253754, 24.098782], [53.309093, 24.095771], [53.437022, 24.119818], [53.445811, 24.119818], [53.4546, 24.114407], [53.468272, 24.100328], [53.47877, 24.093695], [53.493012, 24.090644], [53.507823, 24.091539], [53.519298, 24.096869], [53.537446, 24.084296], [53.548188, 24.078762], [53.557384, 24.076402], [53.561534, 24.072577], [53.574392, 24.054389], [53.581309, 24.048529], [53.58961, 24.047065], [53.601085, 24.047187], [53.612071, 24.048977], [53.629161, 24.057034], [53.639415, 24.054755], [53.648936, 24.05036], [53.656993, 24.048529], [53.687836, 24.062079], [53.694591, 24.066474], [53.70281, 24.070502], [53.712413, 24.068834], [53.722423, 24.06509], [53.732107, 24.06273], [53.85377, 24.061998], [53.878917, 24.064846], [53.889822, 24.07331], [53.951182, 24.103746], [54.014334, 24.113267], [54.03419, 24.122748], [54.055186, 24.12641], [54.081554, 24.137885], [54.112071, 24.141791], [54.122569, 24.144721], [54.135427, 24.152045], [54.153656, 24.165269], [54.170095, 24.181098], [54.177094, 24.196194], [54.187022, 24.203599], [54.252778, 24.221096], [54.305919, 24.256781], [54.314952, 24.258246], [54.323009, 24.270657], [54.34197, 24.269761], [54.382579, 24.254584], [54.390147, 24.265855], [54.427257, 24.292141], [54.445974, 24.316148], [54.485606, 24.388332], [54.479991, 24.413398], [54.483165, 24.425116], [54.499278, 24.432685], [54.490001, 24.438381], [54.485606, 24.439521], [54.485606, 24.446967], [54.50115, 24.445624], [54.525727, 24.435207], [54.540294, 24.432685], [54.533946, 24.445258], [54.516856, 24.462388], [54.513438, 24.474311], [54.528331, 24.467963], [54.544281, 24.463568], [54.558604, 24.457709], [54.568126, 24.446967], [54.574392, 24.446967], [54.5713, 24.473334], [54.552501, 24.481635], [54.526052, 24.482856], [54.499278, 24.487942], [54.440684, 24.523912], [54.417328, 24.528957], [54.417328, 24.535102], [54.429373, 24.538275], [54.441661, 24.545722], [54.451915, 24.556545], [54.453624, 24.550198], [54.457042, 24.541897], [54.465099, 24.535102], [54.462413, 24.545356], [54.465831, 24.554348], [54.47877, 24.569892], [54.485606, 24.569892], [54.4935, 24.542304], [54.512869, 24.515286], [54.537446, 24.49844], [54.56129, 24.501614], [54.555186, 24.504584], [54.540294, 24.515855], [54.551768, 24.515326], [54.573253, 24.508979], [54.581798, 24.50845], [54.585134, 24.511949], [54.593761, 24.525824], [54.598888, 24.528957], [54.636404, 24.597805], [54.619802, 24.604315], [54.612153, 24.613227], [54.615896, 24.621161], [54.632986, 24.624498], [54.643403, 24.630561], [54.646332, 24.644232], [54.65211, 24.658393], [54.670584, 24.666083], [54.670584, 24.672309], [54.661876, 24.678127], [54.657725, 24.688381], [54.654796, 24.700995], [54.650157, 24.713853], [54.655528, 24.721096], [54.648285, 24.725328], [54.640473, 24.732611], [54.643321, 24.748684], [54.652517, 24.758002], [54.691661, 24.782172], [54.696544, 24.788886], [54.701345, 24.798285], [54.707042, 24.8039], [54.737804, 24.79092], [54.739431, 24.789618], [54.754161, 24.792426], [54.768565, 24.801459], [54.773611, 24.814765], [54.76002, 24.830552], [54.868826, 24.888658], [54.917735, 24.920885], [54.94809, 24.946438], [54.96811, 24.958645], [54.992849, 24.96601], [54.994965, 24.966661], [54.99936, 24.967963], [55.003347, 24.969143], [55.00587, 24.969916], [55.010753, 24.972602], [55.014008, 24.974351], [55.015798, 24.975328], [55.017996, 24.976508], [55.022227, 24.978827], [55.049978, 24.993394], [55.044607, 25.013902], [55.077647, 25.02025], [55.082286, 25.016832], [55.156912, 25.096747], [55.259044, 25.215277], [55.264171, 25.231187], [55.263357, 25.24494], [55.2824, 25.260688], [55.29835, 25.25849], [55.313324, 25.238918], [55.31837, 25.225287], [55.31422, 25.212063], [55.301117, 25.193671], [55.328868, 25.201483], [55.334239, 25.219224], [55.326508, 25.241197], [55.306407, 25.275051], [55.303722, 25.283026], [55.309255, 25.291734], [55.339366, 25.321438], [55.348155, 25.324774], [55.363292, 25.324042], [55.358653, 25.336575], [55.359386, 25.348578], [55.365489, 25.358588], [55.376964, 25.364976], [55.387055, 25.357082], [55.407237, 25.372748], [55.438975, 25.412787], [55.44516, 25.412787], [55.449555, 25.400621], [55.455333, 25.399888], [55.461192, 25.407375], [55.465668, 25.419623], [55.472504, 25.412787], [55.486095, 25.449937], [55.495616, 25.466132], [55.506602, 25.47484], [55.494151, 25.48078], [55.500499, 25.492987], [55.513357, 25.508857], [55.520274, 25.525702], [55.524669, 25.542629], [55.535655, 25.562405], [55.551036, 25.578599], [55.568126, 25.584662], [55.559581, 25.568305], [55.548595, 25.554877], [55.542247, 25.542548], [55.548188, 25.529486], [55.563731, 25.523749], [55.583344, 25.526842], [55.605154, 25.532945], [55.626313, 25.536322], [55.632579, 25.544176], [55.648123, 25.583157], [55.656912, 25.597724], [55.683442, 25.623521], [55.699474, 25.634711], [55.733897, 25.646796], [55.759532, 25.679674], [55.770518, 25.687161], [55.779552, 25.688422], [55.792247, 25.692043], [55.803477, 25.697414], [55.80836, 25.704169], [55.812836, 25.706529], [55.842459, 25.713813], [55.878103, 25.740058], [55.932465, 25.802558], [55.959727, 25.823676], [55.953787, 25.814602], [55.947439, 25.794094], [55.937185, 25.776679], [55.941254, 25.770697], [55.948497, 25.768948], [55.952322, 25.772121], [55.954438, 25.787095], [55.963715, 25.815375], [55.965994, 25.834215], [55.972341, 25.842841], [56.014415, 25.878852], [56.023204, 25.889228], [56.030772, 25.900865], [56.036876, 25.915107], [56.041026, 25.933539], [56.03419, 25.933539], [56.03061, 25.924262], [56.024669, 25.916449], [56.016938, 25.910468], [56.007579, 25.906887], [56.033702, 25.946438], [56.055349, 25.988756], [56.073253, 26.052314], [56.077397, 26.061048], [56.100586, 26.062855], [56.151332, 26.074792], [56.162701, 26.073552], [56.17841, 26.035001], [56.183475, 26.014537], [56.181304, 25.996244], [56.17469, 25.96653], [56.170555, 25.87682], [56.163838, 25.862454], [56.144511, 25.837907], [56.139653, 25.822973], [56.144097, 25.805919], [56.167352, 25.777704], [56.172002, 25.76525], [56.164871, 25.752176], [56.151952, 25.743133], [56.141203, 25.732694], [56.140376, 25.715537], [56.145131, 25.670837], [56.150815, 25.658848], [56.152496, 25.657961], [56.156396, 25.655903], [56.179857, 25.652079], [56.188849, 25.645412], [56.198771, 25.625259], [56.205799, 25.617766], [56.221508, 25.613838], [56.237528, 25.616577], [56.279055, 25.627446]], [[56.260625, 25.331075], [56.233625, 25.312526], [56.235668, 25.296287], [56.23888, 25.286247], [56.244887, 25.277988], [56.235126, 25.267476], [56.208375, 25.255374], [56.206123, 25.230596], [56.207625, 25.220835], [56.219958, 25.215258], [56.235771, 25.211175], [56.252204, 25.217635], [56.281763, 25.23691], [56.29315, 25.245846], [56.316426, 25.253355], [56.344375, 25.266528], [56.349123, 25.294025], [56.309369, 25.301328], [56.290688, 25.327543], [56.260625, 25.331075]]], [[[56.263026, 25.249223], [56.259578, 25.275982], [56.265075, 25.281175], [56.273812, 25.281289], [56.288328, 25.271926], [56.282979, 25.255476], [56.263026, 25.249223]]], [[[53.656993, 24.158393], [53.639496, 24.160468], [53.628184, 24.164211], [53.627778, 24.171942], [53.643321, 24.186265], [53.654633, 24.192613], [53.656098, 24.193427], [53.656098, 24.193508], [53.680675, 24.20185], [53.691173, 24.206732], [53.710216, 24.222317], [53.715831, 24.225694], [53.72283, 24.229885], [53.727143, 24.231147], [53.738943, 24.234687], [53.748302, 24.234442], [53.76295, 24.228705], [53.765147, 24.228258], [53.770274, 24.22724], [53.77711, 24.229885], [53.801036, 24.247748], [53.828624, 24.25845], [53.83961, 24.26435], [53.848155, 24.275051], [53.853526, 24.262681], [53.852306, 24.259752], [53.848155, 24.254584], [53.858409, 24.239203], [53.863048, 24.234687], [53.888601, 24.219957], [53.892345, 24.217841], [53.926606, 24.211371], [53.93393, 24.208645], [53.9546, 24.200995], [53.964854, 24.172593], [53.95102, 24.149726], [53.920421, 24.139838], [53.884613, 24.141181], [53.854991, 24.152167], [53.857107, 24.161444], [53.849376, 24.174221], [53.837413, 24.177436], [53.826996, 24.158393], [53.834483, 24.152167], [53.807302, 24.135972], [53.774669, 24.130113], [53.741466, 24.13349], [53.711599, 24.144721], [53.694347, 24.153591], [53.694184, 24.153632], [53.684255, 24.156724], [53.656993, 24.158393]]], [[[54.190766, 24.22724], [54.180837, 24.245063], [54.159353, 24.253811], [54.134125, 24.260403], [54.112559, 24.271674], [54.101573, 24.297675], [54.101573, 24.297756], [54.115245, 24.318508], [54.136974, 24.32689], [54.1421, 24.322699], [54.150401, 24.315985], [54.175873, 24.290147], [54.188324, 24.277493], [54.198904, 24.253119], [54.198822, 24.253079], [54.190766, 24.22724]]], [[[52.574474, 24.34394], [52.587169, 24.3605], [52.611095, 24.373236], [52.634461, 24.3666], [52.645375, 24.350719], [52.650855, 24.324899], [52.648774, 24.309516], [52.627208, 24.283596], [52.608653, 24.268256], [52.592154, 24.253368], [52.579065, 24.266259], [52.568139, 24.283127], [52.556104, 24.306946], [52.558239, 24.326813], [52.574474, 24.34394]]], [[[53.322759, 24.262691], [53.308666, 24.278623], [53.294504, 24.279667], [53.276008, 24.288666], [53.266142, 24.27381], [53.228001, 24.278897], [53.213838, 24.280926], [53.192719, 24.277004], [53.189138, 24.275865], [53.186534, 24.275946], [53.184093, 24.281236], [53.184581, 24.287014], [53.187673, 24.294257], [53.191254, 24.30036], [53.194347, 24.302965], [53.231781, 24.295559], [53.241873, 24.297797], [53.267589, 24.308254], [53.272716, 24.312567], [53.278087, 24.316148], [53.311046, 24.328246], [53.329607, 24.336115], [53.338327, 24.33608], [53.348065, 24.320162], [53.357849, 24.315161], [53.36671, 24.319241], [53.368907, 24.330146], [53.367686, 24.340888], [53.361583, 24.350735], [53.399099, 24.401435], [53.416759, 24.412828], [53.417654, 24.40705], [53.42213, 24.397162], [53.423595, 24.39175], [53.446788, 24.37995], [53.447032, 24.379828], [53.44044, 24.341254], [53.427632, 24.328759], [53.38834, 24.312057], [53.369773, 24.301218], [53.345793, 24.298335], [53.331589, 24.288463], [53.331542, 24.277546], [53.322759, 24.262691]]], [[[54.382579, 24.439521], [54.334809, 24.453192], [54.334809, 24.46894], [54.375336, 24.503607], [54.389415, 24.522691], [54.396251, 24.522691], [54.389415, 24.501573], [54.396658, 24.483466], [54.414317, 24.470608], [54.451427, 24.453192], [54.469737, 24.436469], [54.470551, 24.425035], [54.456716, 24.420803], [54.430431, 24.425238], [54.382579, 24.439521]]], [[[54.266368, 24.294501], [54.257335, 24.287746], [54.247813, 24.283189], [54.239268, 24.281195], [54.228282, 24.281399], [54.222179, 24.284491], [54.205089, 24.302924], [54.192393, 24.311103], [54.183116, 24.315009], [54.179454, 24.321438], [54.184581, 24.337063], [54.191905, 24.346177], [54.203787, 24.353746], [54.218028, 24.357978], [54.232432, 24.357571], [54.241222, 24.340766], [54.25115, 24.326565], [54.273448, 24.302924], [54.266368, 24.294501]]], [[[54.325857, 24.373033], [54.335297, 24.364], [54.336111, 24.350328], [54.32545, 24.321275], [54.30893, 24.31387], [54.281586, 24.357489], [54.279063, 24.364447], [54.286143, 24.365546], [54.297211, 24.36286], [54.306895, 24.357245], [54.311371, 24.355292], [54.312673, 24.359849], [54.309906, 24.36518], [54.295177, 24.37523], [54.292003, 24.384508], [54.304861, 24.385932], [54.325857, 24.373033]]], [[[52.309744, 24.539496], [52.332565, 24.525414], [52.339238, 24.501552], [52.326224, 24.480646], [52.314228, 24.475651], [52.299653, 24.482896], [52.294444, 24.489], [52.289561, 24.491604], [52.283214, 24.497016], [52.282338, 24.510402], [52.291028, 24.521364], [52.298621, 24.533317], [52.309744, 24.539496]]]]}}, {"type": "Feature", "id": "TUR", "properties": {"name": "Turkey", "iso3": "TUR"}, "geometry": {"type": "MultiPolygon", "coordinates": [[[[43.440428, 41.106588], [43.436294, 41.08323], [43.444562, 41.051449], [43.460479, 41.022872], [43.479599, 41.009126], [43.522387, 41.004475], [43.565433, 40.988145], [43.604863, 40.963341], [43.636178, 40.933523], [43.647651, 40.913886], [43.65194, 40.894766], [43.654162, 40.874715], [43.659536, 40.851978], [43.669768, 40.832134], [43.711316, 40.781646], [43.720618, 40.762888], [43.724132, 40.746351], [43.729351, 40.677105], [43.726405, 40.668992], [43.705632, 40.640776], [43.699534, 40.634575], [43.707182, 40.611941], [43.664807, 40.574062], [43.651475, 40.553391], [43.652508, 40.529414], [43.646462, 40.533031], [43.642018, 40.534374], [43.637574, 40.53515], [43.631476, 40.536855], [43.634628, 40.532773], [43.636282, 40.529775], [43.638969, 40.522592], [43.615301, 40.520422], [43.5937, 40.509001], [43.559491, 40.477892], [43.563625, 40.464715], [43.584864, 40.446576], [43.625326, 40.42017], [43.625326, 40.413348], [43.624463, 40.411137], [43.609565, 40.372989], [43.601038, 40.361827], [43.594217, 40.345445], [43.604449, 40.329787], [43.631476, 40.310305], [43.675969, 40.265967], [43.690348, 40.240443], [43.691369, 40.23863], [43.673075, 40.227727], [43.683721, 40.210105], [43.714933, 40.180649], [43.721393, 40.169384], [43.711626, 40.156465], [43.666357, 40.14892], [43.652508, 40.138998], [43.665427, 40.110163], [43.711213, 40.090732], [43.802783, 40.070734], [43.912131, 40.024328], [44.032433, 40.008618], [44.04835, 40.012856], [44.083128, 40.031614], [44.10447, 40.035955], [44.114289, 40.03394], [44.127001, 40.024483], [44.135476, 40.022313], [44.145915, 40.023398], [44.166379, 40.028049], [44.195007, 40.030788], [44.255262, 40.043397], [44.289058, 40.043397], [44.325645, 40.034663], [44.380926, 40.009804], [44.464345, 39.97229], [44.522171, 39.933533], [44.547854, 39.911467], [44.55912, 39.896894], [44.56377, 39.881701], [44.567491, 39.87302], [44.575966, 39.866353], [44.591056, 39.857827], [44.594156, 39.84806], [44.594466, 39.836794], [44.598187, 39.831007], [44.611519, 39.837311], [44.647693, 39.805117], [44.666193, 39.796383], [44.671257, 39.795867], [44.682419, 39.79721], [44.687174, 39.796383], [44.692031, 39.793024], [44.697767, 39.785273], [44.759107, 39.723106], [44.774559, 39.702797], [44.784325, 39.69024], [44.795746, 39.652361], [44.806993, 39.639902], [44.725724, 39.685331], [44.706294, 39.698043], [44.646504, 39.719541], [44.63281, 39.731633], [44.605835, 39.763155], [44.590435, 39.771527], [44.565734, 39.765894], [44.459487, 39.698457], [44.455043, 39.687139], [44.460211, 39.65448], [44.45825, 39.64252], [44.457627, 39.638719], [44.451684, 39.625851], [44.41856, 39.57433], [44.414012, 39.560894], [44.412048, 39.544461], [44.414012, 39.530353], [44.417423, 39.517486], [44.416803, 39.505548], [44.406829, 39.493714], [44.406674, 39.493663], [44.401713, 39.471339], [44.405227, 39.452477], [44.404814, 39.43439], [44.387967, 39.414495], [44.368744, 39.403591], [44.316964, 39.385297], [44.29495, 39.381215], [44.269525, 39.382869], [44.200433, 39.409482], [44.176507, 39.411549], [44.122247, 39.400439], [44.099199, 39.398475], [44.076978, 39.400594], [44.061372, 39.400284], [44.046386, 39.396046], [44.026025, 39.386176], [44.014863, 39.374084], [44.020961, 39.361991], [44.047213, 39.33791], [44.047395, 39.337514], [44.05176, 39.32804], [44.057651, 39.306801], [44.069434, 39.287009], [44.069227, 39.279567], [44.066746, 39.272953], [44.06716, 39.264013], [44.070571, 39.255486], [44.082663, 39.235668], [44.08349, 39.226832], [44.076565, 39.208693], [44.077702, 39.200063], [44.10354, 39.184638], [44.148085, 39.166448], [44.186636, 39.145131], [44.194801, 39.120533], [44.174957, 39.090225], [44.169893, 39.07436], [44.179143, 39.034931], [44.169531, 39.023046], [44.153356, 39.012555], [44.139197, 38.993952], [44.139197, 38.993771], [44.144675, 38.98682], [44.147775, 38.980051], [44.151961, 38.964625], [44.158007, 38.957468], [44.167102, 38.95199], [44.174647, 38.945763], [44.17537, 38.936694], [44.174854, 38.928374], [44.178161, 38.9207], [44.182502, 38.91313], [44.192113, 38.890754], [44.205756, 38.875664], [44.221982, 38.863443], [44.275002, 38.843573], [44.279808, 38.814221], [44.252678, 38.741822], [44.248648, 38.721824], [44.250508, 38.709215], [44.255469, 38.697277], [44.260481, 38.679242], [44.256089, 38.671956], [44.247407, 38.665083], [44.244307, 38.658959], [44.256812, 38.653921], [44.274899, 38.649373], [44.282547, 38.645394], [44.289885, 38.638883], [44.297017, 38.622321], [44.29681, 38.601624], [44.292159, 38.56204], [44.301357, 38.51119], [44.300169, 38.494034], [44.287508, 38.453726], [44.287405, 38.441944], [44.290505, 38.416597], [44.289885, 38.407373], [44.286578, 38.390991], [44.289524, 38.382258], [44.29867, 38.377194], [44.313398, 38.371819], [44.363369, 38.36461], [44.396339, 38.379674], [44.409051, 38.381793], [44.424657, 38.377038], [44.438817, 38.367556], [44.451116, 38.354042], [44.458764, 38.338333], [44.459177, 38.322416], [44.43675, 38.29694], [44.400576, 38.274667], [44.372413, 38.249501], [44.376702, 38.201545], [44.373239, 38.182115], [44.36709, 38.162478], [44.360579, 38.147853], [44.353137, 38.139999], [44.335361, 38.134056], [44.327092, 38.128397], [44.325697, 38.11969], [44.33381, 38.10088], [44.328281, 38.094627], [44.309006, 38.087237], [44.29588, 38.07902], [44.286578, 38.066308], [44.27831, 38.045327], [44.269525, 38.030005], [44.245392, 38.008379], [44.236142, 37.994013], [44.236038, 37.993832], [44.227564, 37.98099], [44.221466, 37.96882], [44.219657, 37.956082], [44.22467, 37.942], [44.225496, 37.929314], [44.216711, 37.918591], [44.206376, 37.908333], [44.205006, 37.904768], [44.202087, 37.897171], [44.219605, 37.875312], [44.254435, 37.870842], [44.319238, 37.876862], [44.331226, 37.873968], [44.367142, 37.860222], [44.377942, 37.854125], [44.383833, 37.844978], [44.387554, 37.833402], [44.393238, 37.821078], [44.4044, 37.809735], [44.4121, 37.807719], [44.418973, 37.809683], [44.425484, 37.810768], [44.433029, 37.806117], [44.433752, 37.801105], [44.429773, 37.785137], [44.429102, 37.779142], [44.43644, 37.767799], [44.450496, 37.766636], [44.466515, 37.771132], [44.479228, 37.776868], [44.506461, 37.779349], [44.534418, 37.769194], [44.559378, 37.752012], [44.59612, 37.716381], [44.598394, 37.707028], [44.588162, 37.693979], [44.553538, 37.67181], [44.54527, 37.663025], [44.540878, 37.632717], [44.56098, 37.614656], [44.583511, 37.601091], [44.587438, 37.584012], [44.578343, 37.56391], [44.571832, 37.539208], [44.56992, 37.514404], [44.575243, 37.493992], [44.575243, 37.493837], [44.579273, 37.476964], [44.565941, 37.447173], [44.572142, 37.430791], [44.585578, 37.424668], [44.622785, 37.421903], [44.638184, 37.412601], [44.65224, 37.384024], [44.661646, 37.375653], [44.698026, 37.380045], [44.707121, 37.37095], [44.713012, 37.356791], [44.721384, 37.343277], [44.778951, 37.313796], [44.801585, 37.292686], [44.798485, 37.260311], [44.786754, 37.248115], [44.772957, 37.241681], [44.760503, 37.233232], [44.753526, 37.215326], [44.75673, 37.195198], [44.766135, 37.178145], [44.772336, 37.161247], [44.766135, 37.14192], [44.753836, 37.159154], [44.733786, 37.167242], [44.628934, 37.179024], [44.610279, 37.178352], [44.57824, 37.166415], [44.539379, 37.143677], [44.503412, 37.116624], [44.479228, 37.092001], [44.454423, 37.076343], [44.428068, 37.064767], [44.343112, 37.042443], [44.335154, 37.031152], [44.33164, 37.015468], [44.316137, 36.994125], [44.316137, 36.994022], [44.315982, 36.99397], [44.315879, 36.99397], [44.306628, 36.977227], [44.297223, 36.969941], [44.284821, 36.969166], [44.243273, 36.97777], [44.234281, 36.983661], [44.22777, 36.994125], [44.187463, 37.066938], [44.180021, 37.087608], [44.180641, 37.108925], [44.18922, 37.129208], [44.205963, 37.146623], [44.218779, 37.152617], [44.230199, 37.154322], [44.240121, 37.157966], [44.248337, 37.16967], [44.249629, 37.179437], [44.248544, 37.191917], [44.243532, 37.213828], [44.235005, 37.236772], [44.223171, 37.254058], [44.206893, 37.26752], [44.184465, 37.279173], [44.088037, 37.31116], [44.069025, 37.313727], [44.035586, 37.31824], [43.990369, 37.312504], [43.953782, 37.287467], [43.924171, 37.253076], [43.89363, 37.224912], [43.83999, 37.217109], [43.822007, 37.202381], [43.809398, 37.199694], [43.80206, 37.20357], [43.780562, 37.220365], [43.770641, 37.225843], [43.746921, 37.230648], [43.720824, 37.232612], [43.618298, 37.226979], [43.594217, 37.22946], [43.568896, 37.237702], [43.550602, 37.248735], [43.542437, 37.252301], [43.529518, 37.253903], [43.517116, 37.252301], [43.492415, 37.244756], [43.479599, 37.243361], [43.463269, 37.248684], [43.41676, 37.279173], [43.376039, 37.295528], [43.362505, 37.303908], [43.336145, 37.32023], [43.324156, 37.322219], [43.305656, 37.319971], [43.296871, 37.316741], [43.287518, 37.309145], [43.278629, 37.30775], [43.270309, 37.30868], [43.263385, 37.310695], [43.131971, 37.367255], [43.114815, 37.371131], [43.083706, 37.368831], [43.043501, 37.360253], [43.005158, 37.347256], [42.979629, 37.331831], [42.937048, 37.320152], [42.89674, 37.324906], [42.814058, 37.346817], [42.80548, 37.351856], [42.801139, 37.36909], [42.792457, 37.374335], [42.780468, 37.375498], [42.77158, 37.374903], [42.722177, 37.358909], [42.715666, 37.355292], [42.709465, 37.347179], [42.707398, 37.340151], [42.706158, 37.333226], [42.702334, 37.325346], [42.576967, 37.17923], [42.564668, 37.152049], [42.561257, 37.146623], [42.545237, 37.140887], [42.459144, 37.129311], [42.401887, 37.114144], [42.357238, 37.109984], [42.356515, 37.138277], [42.354551, 37.15241], [42.346696, 37.158431], [42.335328, 37.171169], [42.353208, 37.227031], [42.346696, 37.239769], [42.339875, 37.242637], [42.305769, 37.264548], [42.301428, 37.269923], [42.296364, 37.279689], [42.292023, 37.285064], [42.285822, 37.286562], [42.279207, 37.282273], [42.272902, 37.276744], [42.267218, 37.274522], [42.236832, 37.286304], [42.22319, 37.288139], [42.222156, 37.292402], [42.22381, 37.302375], [42.22257, 37.313951], [42.211201, 37.324906], [42.193011, 37.313227], [42.178541, 37.306303], [42.128312, 37.253283], [42.052968, 37.196645], [42.009249, 37.175613], [41.896365, 37.154283], [41.479773, 37.075568], [41.20134, 37.064974], [41.179739, 37.069625], [41.135091, 37.084249], [40.896449, 37.122696], [40.708967, 37.100476], [40.659461, 37.085257], [40.525722, 37.025881], [40.479834, 37.015158], [40.456993, 37.014124], [40.435185, 37.01061], [40.413894, 37.004022], [40.393741, 36.994022], [40.261409, 36.922785], [40.190136, 36.884416], [40.152722, 36.87036], [40.115205, 36.864728], [40.079238, 36.854857], [39.979812, 36.806953], [39.765252, 36.742151], [39.441708, 36.692373], [39.239599, 36.661278], [39.185856, 36.659521], [39.03217, 36.701172], [38.979977, 36.698175], [38.957963, 36.692904], [38.795389, 36.686651], [38.725005, 36.693937], [38.66413, 36.719517], [38.635192, 36.744039], [38.529358, 36.833722], [38.479956, 36.855736], [38.28989, 36.901702], [38.224261, 36.908394], [38.190051, 36.905526], [38.122975, 36.884623], [38.026005, 36.835006], [38.007943, 36.825764], [37.980038, 36.819666], [37.819738, 36.760548], [37.654063, 36.732126], [37.593395, 36.710525], [37.446117, 36.634199], [37.404466, 36.634458], [37.241892, 36.65859], [37.219671, 36.657143], [37.156109, 36.643914], [37.137402, 36.645878], [37.120969, 36.649909], [37.104432, 36.650994], [37.085622, 36.644173], [37.070119, 36.631512], [37.062368, 36.622107], [37.053066, 36.619936], [37.033326, 36.628721], [37.014515, 36.642261], [37.010795, 36.653733], [37.019476, 36.685824], [37.018443, 36.706649], [37.010588, 36.719517], [36.980099, 36.742255], [36.964699, 36.75383], [36.945889, 36.762667], [36.925942, 36.768971], [36.906822, 36.772589], [36.843673, 36.775844], [36.659563, 36.827243], [36.658568, 36.827521], [36.649163, 36.828554], [36.639861, 36.828089], [36.643272, 36.803646], [36.632006, 36.784319], [36.615677, 36.766594], [36.603274, 36.746957], [36.598934, 36.724788], [36.598107, 36.705461], [36.594696, 36.685824], [36.582811, 36.662414], [36.569271, 36.620143], [36.569995, 36.575701], [36.565344, 36.5325], [36.535475, 36.494001], [36.531237, 36.479015], [36.533821, 36.462478], [36.552735, 36.408166], [36.558006, 36.400622], [36.565034, 36.395609], [36.580847, 36.389873], [36.585704, 36.387031], [36.590562, 36.380364], [36.593352, 36.373492], [36.594489, 36.365947], [36.594283, 36.35711], [36.587771, 36.342124], [36.58219, 36.333081], [36.577643, 36.332874], [36.587771, 36.324812], [36.620741, 36.322022], [36.637071, 36.316802], [36.648646, 36.305899], [36.648761, 36.305719], [36.658465, 36.290499], [36.665493, 36.274014], [36.66911, 36.259855], [36.67004, 36.237324], [36.664253, 36.229004], [36.593456, 36.2181], [36.574439, 36.218359], [36.498578, 36.227867], [36.480181, 36.225542], [36.468916, 36.22239], [36.465298, 36.21593], [36.463955, 36.208799], [36.4592, 36.203114], [36.450726, 36.19991], [36.445248, 36.19991], [36.439253, 36.201409], [36.411865, 36.204458], [36.398119, 36.20823], [36.385613, 36.215465], [36.373004, 36.227609], [36.361429, 36.218152], [36.375795, 36.20451], [36.374451, 36.19588], [36.366286, 36.189213], [36.360498, 36.181669], [36.358638, 36.166992], [36.355538, 36.022402], [36.358018, 35.99398], [36.336727, 35.988244], [36.29735, 36.000749], [36.277506, 35.994187], [36.277403, 35.994031], [36.269031, 35.958736], [36.253115, 35.955636], [36.229034, 35.961165], [36.196891, 35.951708], [36.174877, 35.922666], [36.168779, 35.852076], [36.157617, 35.822569], [36.155308, 35.822232], [36.138497, 35.819779], [36.080309, 35.854195], [36.05075, 35.865409], [36.019434, 35.866184], [36.003931, 35.869181], [35.992356, 35.877346], [35.990082, 35.889283], [35.993079, 35.902357], [35.992769, 35.915277], [35.980263, 35.926852], [35.96073, 35.924372], [35.940576, 35.918377], [35.920835, 35.915122], [35.911305, 35.91775], [35.911388, 35.917873], [35.922699, 35.931586], [35.966075, 35.993638], [35.976736, 36.000963], [35.975434, 36.0185], [35.948416, 36.087836], [35.878266, 36.182074], [35.864513, 36.196845], [35.852224, 36.213528], [35.840994, 36.244534], [35.826915, 36.257554], [35.810802, 36.269599], [35.798595, 36.281684], [35.787364, 36.304267], [35.788748, 36.320258], [35.815929, 36.353013], [35.824474, 36.36107], [35.834239, 36.366278], [35.844981, 36.368964], [35.856781, 36.369778], [35.861827, 36.373521], [35.873546, 36.397691], [35.881847, 36.40469], [35.899425, 36.412299], [35.908458, 36.418158], [35.913259, 36.427191], [35.918712, 36.448188], [35.930837, 36.454576], [35.935557, 36.459459], [35.942393, 36.464342], [35.981781, 36.475653], [35.990245, 36.479641], [36.037446, 36.527045], [36.044932, 36.537665], [36.055431, 36.538275], [36.162934, 36.593411], [36.178722, 36.59634], [36.189138, 36.60399], [36.201182, 36.621975], [36.211192, 36.642401], [36.216156, 36.657782], [36.215587, 36.670478], [36.211599, 36.679918], [36.206554, 36.688707], [36.202485, 36.699368], [36.201915, 36.706285], [36.202485, 36.769192], [36.198741, 36.784573], [36.188975, 36.801744], [36.129893, 36.869289], [36.09547, 36.897121], [36.058604, 36.918443], [36.020274, 36.926337], [35.985037, 36.915595], [35.950857, 36.891018], [35.893809, 36.834906], [35.880138, 36.825914], [35.863617, 36.822252], [35.853852, 36.815823], [35.820649, 36.785142], [35.805431, 36.775092], [35.7671, 36.767727], [35.684093, 36.764635], [35.647716, 36.753974], [35.636241, 36.744615], [35.624522, 36.72602], [35.613536, 36.719875], [35.617442, 36.726793], [35.618175, 36.731635], [35.615001, 36.735663], [35.6067, 36.740383], [35.596853, 36.724921], [35.582286, 36.712795], [35.573009, 36.70067], [35.579438, 36.685126], [35.594493, 36.701728], [35.616873, 36.696234], [35.619802, 36.712388], [35.625499, 36.710924], [35.629161, 36.708238], [35.631684, 36.704332], [35.634044, 36.699368], [35.638682, 36.706285], [35.640473, 36.713365], [35.639171, 36.720364], [35.634044, 36.726711], [35.648123, 36.733222], [35.653819, 36.727362], [35.6574, 36.717515], [35.664806, 36.712388], [35.675792, 36.715318], [35.685557, 36.720771], [35.696056, 36.723944], [35.709158, 36.719875], [35.650157, 36.697821], [35.622569, 36.680732], [35.6067, 36.657782], [35.608653, 36.646877], [35.622081, 36.654242], [35.666759, 36.696112], [35.680024, 36.70307], [35.695567, 36.706204], [35.65797, 36.675198], [35.652192, 36.666734], [35.643728, 36.648871], [35.637462, 36.641018], [35.633149, 36.630927], [35.632986, 36.61815], [35.631358, 36.607164], [35.623546, 36.602525], [35.613943, 36.600531], [35.598806, 36.591498], [35.589366, 36.589504], [35.55714, 36.58747], [35.544688, 36.589504], [35.513357, 36.612982], [35.503673, 36.616848], [35.490001, 36.613918], [35.481212, 36.607245], [35.478689, 36.598538], [35.488536, 36.597073], [35.496837, 36.594428], [35.531016, 36.582709], [35.48878, 36.592027], [35.445486, 36.59634], [35.437185, 36.594224], [35.413259, 36.583686], [35.408051, 36.579291], [35.40447, 36.571926], [35.395356, 36.567613], [35.374034, 36.561591], [35.347992, 36.544379], [35.346039, 36.541083], [35.335785, 36.5456], [35.32016, 36.564683], [35.308849, 36.569037], [35.294688, 36.572496], [35.04184, 36.695217], [35.014171, 36.70307], [34.98227, 36.720771], [34.962413, 36.726711], [34.946462, 36.727973], [34.933279, 36.727484], [34.929861, 36.727362], [34.91391, 36.724677], [34.900401, 36.719875], [34.902599, 36.724514], [34.907888, 36.740383], [34.893565, 36.745998], [34.85255, 36.781317], [34.770763, 36.816067], [34.764985, 36.80858], [34.73585, 36.821682], [34.692882, 36.81387], [34.62672, 36.788764], [34.596528, 36.785061], [34.585134, 36.781317], [34.554698, 36.767646], [34.548839, 36.763373], [34.539073, 36.744574], [34.533865, 36.740383], [34.503184, 36.726711], [34.415212, 36.662909], [34.307465, 36.608588], [34.276215, 36.586982], [34.19044, 36.498521], [34.181651, 36.483385], [34.177745, 36.473375], [34.168224, 36.466946], [34.147472, 36.459174], [34.11199, 36.429592], [34.077322, 36.413886], [34.07488, 36.387274], [34.079926, 36.355536], [34.077891, 36.328843], [34.057791, 36.315904], [34.027192, 36.310777], [33.999766, 36.302924], [33.989268, 36.281684], [33.994802, 36.283271], [33.998302, 36.286038], [33.99586, 36.279527], [33.977061, 36.259426], [33.968761, 36.246894], [33.96518, 36.232367], [33.964366, 36.220526], [33.958995, 36.213568], [33.941417, 36.213365], [33.941417, 36.219631], [33.950938, 36.237698], [33.945974, 36.265204], [33.930919, 36.290473], [33.910411, 36.3015], [33.895274, 36.305569], [33.883149, 36.312486], [33.871104, 36.314887], [33.855479, 36.304918], [33.837657, 36.280422], [33.827891, 36.271715], [33.811046, 36.267401], [33.818696, 36.265774], [33.821788, 36.263983], [33.824718, 36.259914], [33.813731, 36.251654], [33.799083, 36.230658], [33.786876, 36.226386], [33.777029, 36.225043], [33.742849, 36.213365], [33.735606, 36.208726], [33.705251, 36.181708], [33.700369, 36.171129], [33.693858, 36.14411], [33.688243, 36.13703], [33.685313, 36.143215], [33.66033, 36.174872], [33.656586, 36.188666], [33.647227, 36.192572], [33.634125, 36.190334], [33.619884, 36.185452], [33.596528, 36.168769], [33.574067, 36.144761], [33.552257, 36.127509], [33.530528, 36.130805], [33.5442, 36.13703], [33.5442, 36.144477], [33.521007, 36.146633], [33.478282, 36.155951], [33.458263, 36.158149], [33.436697, 36.15469], [33.401134, 36.139838], [33.386485, 36.13703], [33.34783, 36.147895], [33.326834, 36.150092], [33.30836, 36.132229], [33.286469, 36.12995], [33.241954, 36.130805], [33.212413, 36.124091], [33.200938, 36.123358], [33.18865, 36.1258], [33.167247, 36.134955], [33.156912, 36.13703], [33.134044, 36.131781], [33.12143, 36.119086], [33.112153, 36.10342], [33.098643, 36.08926], [33.087738, 36.082831], [33.083751, 36.08275], [33.080414, 36.085883], [33.071137, 36.08926], [33.05836, 36.090644], [33.026866, 36.08926], [32.96046, 36.102688], [32.940929, 36.103502], [32.87672, 36.075141], [32.865245, 36.071845], [32.8567, 36.060981], [32.803722, 36.027167], [32.76059, 36.029486], [32.670665, 36.046698], [32.632335, 36.061957], [32.571788, 36.09398], [32.567882, 36.096096], [32.531423, 36.098822], [32.513438, 36.103013], [32.437266, 36.138658], [32.427013, 36.14761], [32.419607, 36.159491], [32.402029, 36.165513], [32.381521, 36.170152], [32.365489, 36.177965], [32.318696, 36.228583], [32.310313, 36.229478], [32.305919, 36.234565], [32.287283, 36.244818], [32.28297, 36.250637], [32.278982, 36.279039], [32.276134, 36.287828], [32.252696, 36.315334], [32.192149, 36.358385], [32.179942, 36.387152], [32.178396, 36.395331], [32.174327, 36.402411], [32.162852, 36.414781], [32.151622, 36.430325], [32.148448, 36.433661], [32.13502, 36.438218], [32.132091, 36.438666], [32.114513, 36.469672], [32.102061, 36.486151], [32.087169, 36.493313], [32.026052, 36.543443], [32.018809, 36.546536], [32.01002, 36.547756], [31.998709, 36.547919], [31.987804, 36.549954], [31.980154, 36.554389], [31.974132, 36.558987], [31.968272, 36.561591], [31.928071, 36.560248], [31.90797, 36.562649], [31.899425, 36.572455], [31.888031, 36.581122], [31.862478, 36.58869], [31.834646, 36.592353], [31.816742, 36.589504], [31.807384, 36.596829], [31.769054, 36.610012], [31.74936, 36.63227], [31.736583, 36.642279], [31.724294, 36.641018], [31.703461, 36.643622], [31.627615, 36.670844], [31.610688, 36.682034], [31.596202, 36.695705], [31.407563, 36.763414], [31.378591, 36.767646], [31.376313, 36.791938], [31.340831, 36.80858], [30.939708, 36.857001], [30.77589, 36.849555], [30.748057, 36.855658], [30.726899, 36.865871], [30.686534, 36.891181], [30.628591, 36.859565], [30.601736, 36.838121], [30.587657, 36.807074], [30.574474, 36.789537], [30.569835, 36.781317], [30.569835, 36.750556], [30.564626, 36.717963], [30.565766, 36.700181], [30.576671, 36.685126], [30.576671, 36.6789], [30.568858, 36.6706], [30.562673, 36.662543], [30.55836, 36.65233], [30.556163, 36.637885], [30.557872, 36.619615], [30.563813, 36.60932], [30.571056, 36.601142], [30.576671, 36.589504], [30.583507, 36.59634], [30.581065, 36.575181], [30.567231, 36.539862], [30.569835, 36.528022], [30.535981, 36.505194], [30.520844, 36.489732], [30.5088, 36.454291], [30.48699, 36.426947], [30.487966, 36.418158], [30.47462, 36.401597], [30.476329, 36.384223], [30.487153, 36.370266], [30.501638, 36.363593], [30.494151, 36.349311], [30.519867, 36.341864], [30.505626, 36.327379], [30.47877, 36.30858], [30.466807, 36.287828], [30.473643, 36.287828], [30.478201, 36.292304], [30.478852, 36.291938], [30.480642, 36.289537], [30.487966, 36.287828], [30.477794, 36.279486], [30.463878, 36.271145], [30.451671, 36.261786], [30.440766, 36.239325], [30.427419, 36.226386], [30.398611, 36.205959], [30.400401, 36.248114], [30.396007, 36.26553], [30.384288, 36.274237], [30.360525, 36.268622], [30.254568, 36.308295], [30.233735, 36.308905], [30.158539, 36.298651], [30.149262, 36.289862], [30.145518, 36.275133], [30.144705, 36.25434], [30.138438, 36.25434], [30.137218, 36.260647], [30.131033, 36.274237], [30.124766, 36.255072], [30.124766, 36.246894], [30.110606, 36.25434], [30.111095, 36.247219], [30.110606, 36.240058], [30.073009, 36.246894], [30.065603, 36.249945], [30.057872, 36.255601], [30.048188, 36.258775], [30.034841, 36.25434], [30.055919, 36.25434], [30.055919, 36.246894], [29.988455, 36.21776], [29.973399, 36.219631], [29.961274, 36.213853], [29.950043, 36.214423], [29.938324, 36.217678], [29.925548, 36.219631], [29.916515, 36.219062], [29.911632, 36.217027], [29.898204, 36.205959], [29.881358, 36.198432], [29.844005, 36.191392], [29.830089, 36.185452], [29.833344, 36.184475], [29.836111, 36.184272], [29.837576, 36.182847], [29.836925, 36.177965], [29.827322, 36.178046], [29.802582, 36.17182], [29.802582, 36.164984], [29.82309, 36.164984], [29.809581, 36.153998], [29.795258, 36.145209], [29.779552, 36.13935], [29.761729, 36.13703], [29.761729, 36.144477], [29.767263, 36.147773], [29.770193, 36.150824], [29.772227, 36.154202], [29.775401, 36.158149], [29.76238, 36.156562], [29.759288, 36.155015], [29.754893, 36.150702], [29.743419, 36.160956], [29.731456, 36.164252], [29.719249, 36.162665], [29.707042, 36.158149], [29.703868, 36.154446], [29.703136, 36.14997], [29.699962, 36.146145], [29.689301, 36.144477], [29.688731, 36.141262], [29.672374, 36.123358], [29.668224, 36.143785], [29.633962, 36.15705], [29.623871, 36.177965], [29.63738, 36.172431], [29.64324, 36.177924], [29.6421, 36.186957], [29.634532, 36.191636], [29.583507, 36.185452], [29.583507, 36.191636], [29.59254, 36.195787], [29.602306, 36.198676], [29.612966, 36.199856], [29.623871, 36.199123], [29.602224, 36.207017], [29.521495, 36.205959], [29.494477, 36.211005], [29.43214, 36.240058], [29.420421, 36.230618], [29.415212, 36.239732], [29.411632, 36.267401], [29.405772, 36.260159], [29.401866, 36.261786], [29.398123, 36.266181], [29.391856, 36.267401], [29.381602, 36.263902], [29.377615, 36.261623], [29.375255, 36.258857], [29.369965, 36.25434], [29.364919, 36.248277], [29.361339, 36.241523], [29.357107, 36.235663], [29.34962, 36.232611], [29.340831, 36.237372], [29.334727, 36.247707], [29.329356, 36.254096], [29.322276, 36.246894], [29.261241, 36.293565], [29.256684, 36.297024], [29.247813, 36.311713], [29.23463, 36.324286], [29.174978, 36.33983], [29.158458, 36.356757], [29.144705, 36.349311], [29.140798, 36.362454], [29.141775, 36.365424], [29.144705, 36.369778], [29.144705, 36.377183], [29.116873, 36.377183], [29.124278, 36.38345], [29.112804, 36.38939], [29.106212, 36.390855], [29.096365, 36.390937], [29.10141, 36.400214], [29.10906, 36.40648], [29.118907, 36.410102], [29.130382, 36.411363], [29.129893, 36.415961], [29.129161, 36.416897], [29.127696, 36.416815], [29.124278, 36.418158], [29.130138, 36.43651], [29.124197, 36.453599], [29.111339, 36.466783], [29.096365, 36.473456], [29.096365, 36.479641], [29.109548, 36.488511], [29.115571, 36.49136], [29.124278, 36.493313], [29.124278, 36.5008], [29.120291, 36.535631], [29.114919, 36.55268], [29.10377, 36.547919], [29.096365, 36.547919], [29.084321, 36.560248], [29.036388, 36.545315], [29.014415, 36.547919], [29.032725, 36.551825], [29.036876, 36.561469], [29.031423, 36.574774], [29.020518, 36.589504], [29.026134, 36.596259], [29.035004, 36.614691], [29.041759, 36.624254], [29.055837, 36.614244], [29.068207, 36.623928], [29.080903, 36.638617], [29.096365, 36.64411], [29.096365, 36.637885], [29.090587, 36.627102], [29.098806, 36.623603], [29.110606, 36.62637], [29.116873, 36.634223], [29.114513, 36.643134], [29.109223, 36.652004], [29.102387, 36.659613], [29.096365, 36.665229], [29.03419, 36.700995], [28.956309, 36.727525], [28.946137, 36.736965], [28.938975, 36.751288], [28.922699, 36.74136], [28.904145, 36.723049], [28.89088, 36.712388], [28.89088, 36.706204], [28.897716, 36.706204], [28.897716, 36.699368], [28.878917, 36.698065], [28.87086, 36.696234], [28.863536, 36.692572], [28.860037, 36.684231], [28.862641, 36.675116], [28.862478, 36.667914], [28.849946, 36.665229], [28.854991, 36.656643], [28.857921, 36.653754], [28.863536, 36.650946], [28.856781, 36.64411], [28.866873, 36.634914], [28.870372, 36.63052], [28.876638, 36.63052], [28.882335, 36.640611], [28.888031, 36.648424], [28.890147, 36.65762], [28.884044, 36.671454], [28.901703, 36.658271], [28.895356, 36.641425], [28.878429, 36.625922], [28.863536, 36.616848], [28.86964, 36.606635], [28.858735, 36.601304], [28.841563, 36.600165], [28.828868, 36.602525], [28.818614, 36.611721], [28.818614, 36.620795], [28.827159, 36.627753], [28.84254, 36.63052], [28.84254, 36.637885], [28.82545, 36.644721], [28.815196, 36.651801], [28.805024, 36.65526], [28.787852, 36.650946], [28.782725, 36.677395], [28.746349, 36.697699], [28.701671, 36.705064], [28.671723, 36.692572], [28.664887, 36.692572], [28.659923, 36.711005], [28.649181, 36.718329], [28.635916, 36.714504], [28.623383, 36.699368], [28.616222, 36.705959], [28.603526, 36.733547], [28.612559, 36.747138], [28.61671, 36.766995], [28.614106, 36.785346], [28.603526, 36.794989], [28.603038, 36.799628], [28.604503, 36.800849], [28.607188, 36.800849], [28.610362, 36.801744], [28.608409, 36.804755], [28.606293, 36.806871], [28.606212, 36.810126], [28.610362, 36.816067], [28.603526, 36.816067], [28.598888, 36.806871], [28.597423, 36.802558], [28.59669, 36.794989], [28.591075, 36.799018], [28.590994, 36.800198], [28.588552, 36.80801], [28.575857, 36.819525], [28.546153, 36.823432], [28.524425, 36.8133], [28.527843, 36.788764], [28.517751, 36.79564], [28.507986, 36.797675], [28.497895, 36.798489], [28.486827, 36.801744], [28.500499, 36.80858], [28.500499, 36.816067], [28.478038, 36.815985], [28.463878, 36.818752], [28.456065, 36.828518], [28.452647, 36.849555], [28.459483, 36.849107], [28.464122, 36.849921], [28.466319, 36.853339], [28.46518, 36.859361], [28.462576, 36.862047], [28.460134, 36.863756], [28.458832, 36.866929], [28.456716, 36.877509], [28.451996, 36.883612], [28.447439, 36.883043], [28.44516, 36.873765], [28.436209, 36.864732], [28.416189, 36.859687], [28.387218, 36.857001], [28.37672, 36.854438], [28.377452, 36.848375], [28.3838, 36.841376], [28.390636, 36.835924], [28.396739, 36.835395], [28.405121, 36.837551], [28.414724, 36.837104], [28.424815, 36.829088], [28.414236, 36.814602], [28.406505, 36.79975], [28.396007, 36.789496], [28.376964, 36.788764], [28.324962, 36.810126], [28.314952, 36.816067], [28.308767, 36.816067], [28.312836, 36.80036], [28.314952, 36.794989], [28.288585, 36.793687], [28.278168, 36.796454], [28.273936, 36.805162], [28.278331, 36.814154], [28.28891, 36.818427], [28.314952, 36.822252], [28.314952, 36.829088], [28.302745, 36.835679], [28.288585, 36.845893], [28.273123, 36.851996], [28.257172, 36.846177], [28.243175, 36.829779], [28.236664, 36.813218], [28.239513, 36.798814], [28.253429, 36.788764], [28.248871, 36.766832], [28.288585, 36.74258], [28.295095, 36.719875], [28.283051, 36.72663], [28.267263, 36.730902], [28.253103, 36.727851], [28.246593, 36.712388], [28.240001, 36.715481], [28.233572, 36.719875], [28.233246, 36.715033], [28.231944, 36.711859], [28.229503, 36.709296], [28.225434, 36.706204], [28.230317, 36.704739], [28.231619, 36.704576], [28.233572, 36.699368], [28.181895, 36.684638], [28.162283, 36.672675], [28.144298, 36.650946], [28.130707, 36.628974], [28.111501, 36.604193], [28.088145, 36.589057], [28.061697, 36.59634], [28.057872, 36.589993], [28.055024, 36.586575], [28.050629, 36.584662], [28.04184, 36.582709], [28.043956, 36.579495], [28.046153, 36.572496], [28.048025, 36.569037], [28.035899, 36.564765], [28.02589, 36.563707], [28.018321, 36.567043], [28.013845, 36.575873], [28.003673, 36.561916], [27.990896, 36.55976], [27.977712, 36.565741], [27.966075, 36.575873], [27.968028, 36.578925], [27.970876, 36.586412], [27.972911, 36.589504], [27.967621, 36.592597], [27.96461, 36.595649], [27.959239, 36.602525], [28.034434, 36.602525], [28.053966, 36.609605], [28.06544, 36.619534], [28.075369, 36.631252], [28.08961, 36.64411], [28.075938, 36.657782], [28.056651, 36.643012], [28.048025, 36.637885], [28.048025, 36.64411], [28.057791, 36.652777], [28.061209, 36.66474], [28.057953, 36.676663], [28.048025, 36.685126], [28.037934, 36.690619], [28.03533, 36.687567], [28.034434, 36.675198], [28.029633, 36.670356], [28.018891, 36.671332], [28.007335, 36.675198], [28.000173, 36.6789], [27.991466, 36.675849], [27.980154, 36.675849], [27.970225, 36.679836], [27.966075, 36.688788], [27.971202, 36.692532], [28.007009, 36.699368], [28.000173, 36.706204], [28.021332, 36.705064], [28.027517, 36.706204], [28.032237, 36.709215], [28.038259, 36.714057], [28.042491, 36.718451], [28.04184, 36.719875], [28.079763, 36.722073], [28.08961, 36.726711], [28.085948, 36.710598], [28.100597, 36.709621], [28.116384, 36.718817], [28.116873, 36.733547], [28.107432, 36.739203], [28.087657, 36.740871], [28.082205, 36.747138], [28.084158, 36.75373], [28.091645, 36.759345], [28.103282, 36.767646], [28.110037, 36.775092], [28.113455, 36.768215], [28.117524, 36.763861], [28.130544, 36.753974], [28.125255, 36.771308], [28.123709, 36.791897], [28.118419, 36.800605], [28.1067, 36.802965], [28.094981, 36.801418], [28.086274, 36.796698], [28.069102, 36.775092], [28.047211, 36.763332], [28.039317, 36.764472], [28.034434, 36.775092], [28.019705, 36.763129], [27.980724, 36.753811], [27.966075, 36.747138], [27.959239, 36.747138], [27.954112, 36.759589], [27.944672, 36.756252], [27.932302, 36.746568], [27.917654, 36.740383], [27.912446, 36.754136], [27.905447, 36.752875], [27.897716, 36.745347], [27.89031, 36.740383], [27.883149, 36.743842], [27.876801, 36.7508], [27.870372, 36.75259], [27.863048, 36.740383], [27.856212, 36.740383], [27.843761, 36.748928], [27.826182, 36.757473], [27.806488, 36.76081], [27.787852, 36.753974], [27.787852, 36.76081], [27.776052, 36.755927], [27.764496, 36.756496], [27.75172, 36.759223], [27.736095, 36.76081], [27.719412, 36.756252], [27.698497, 36.734198], [27.684255, 36.726711], [27.684255, 36.719875], [27.68686, 36.711127], [27.673106, 36.679633], [27.671153, 36.657782], [27.63795, 36.671332], [27.619884, 36.676459], [27.603038, 36.6789], [27.585134, 36.677069], [27.570323, 36.673814], [27.559744, 36.674628], [27.554535, 36.685126], [27.486339, 36.665229], [27.481944, 36.658352], [27.477712, 36.653469], [27.472667, 36.650946], [27.468028, 36.652981], [27.45574, 36.662909], [27.448416, 36.665229], [27.425629, 36.668647], [27.415782, 36.669013], [27.404307, 36.665229], [27.402029, 36.677476], [27.394054, 36.684149], [27.382986, 36.68476], [27.370291, 36.6789], [27.370616, 36.683173], [27.369151, 36.684475], [27.366384, 36.684475], [27.362804, 36.685126], [27.368663, 36.691352], [27.368663, 36.697414], [27.364024, 36.702582], [27.355805, 36.706204], [27.355805, 36.712388], [27.368337, 36.708238], [27.384776, 36.705024], [27.401622, 36.704739], [27.414317, 36.709296], [27.423106, 36.719672], [27.427257, 36.735663], [27.438487, 36.747138], [27.449555, 36.753974], [27.458832, 36.755683], [27.483165, 36.753974], [27.556651, 36.762681], [27.592459, 36.76081], [27.611501, 36.765326], [27.616954, 36.77619], [27.617849, 36.789618], [27.623383, 36.801744], [27.645356, 36.806464], [27.691173, 36.784329], [27.705414, 36.788764], [27.721202, 36.781684], [27.735199, 36.782416], [27.74822, 36.78441], [27.76002, 36.781317], [27.785655, 36.801093], [27.799083, 36.806627], [27.886485, 36.808824], [27.897146, 36.812323], [27.903656, 36.805813], [27.919688, 36.799709], [27.939952, 36.79564], [27.959239, 36.794989], [27.994151, 36.798407], [28.010509, 36.794338], [28.027517, 36.781317], [28.030772, 36.791734], [28.036876, 36.797349], [28.055431, 36.80858], [28.049083, 36.820624], [28.039561, 36.826646], [28.025727, 36.828803], [28.007009, 36.829088], [28.013845, 36.835924], [28.023285, 36.833238], [28.024587, 36.839097], [28.018728, 36.848619], [28.007009, 36.857001], [28.011567, 36.857652], [28.014496, 36.859076], [28.017345, 36.86107], [28.021251, 36.863227], [28.028656, 36.860175], [28.036306, 36.862616], [28.044932, 36.867255], [28.055431, 36.870673], [28.055431, 36.876899], [28.035492, 36.893378], [28.027517, 36.902533], [28.021251, 36.911607], [28.034434, 36.904202], [28.04184, 36.911607], [28.035899, 36.914618], [28.033214, 36.91767], [28.031098, 36.921332], [28.027517, 36.92593], [28.035899, 36.925442], [28.053233, 36.9265], [28.061697, 36.92593], [28.061697, 36.932115], [28.04184, 36.932115], [28.04184, 36.93891], [28.06544, 36.939276], [28.075043, 36.937405], [28.082205, 36.932115], [28.088552, 36.936672], [28.093516, 36.937893], [28.098155, 36.936225], [28.103282, 36.932115], [28.110037, 36.932115], [28.120128, 36.93769], [28.141938, 36.928697], [28.151703, 36.932115], [28.157237, 36.932115], [28.15919, 36.924628], [28.165294, 36.911607], [28.168142, 36.916815], [28.168468, 36.918891], [28.167166, 36.920803], [28.165294, 36.92593], [28.168468, 36.930162], [28.168142, 36.933417], [28.164236, 36.936184], [28.157237, 36.93891], [28.157237, 36.945787], [28.166515, 36.946926], [28.17449, 36.94599], [28.180675, 36.943305], [28.185232, 36.93891], [28.205089, 36.966295], [28.212413, 36.97309], [28.212413, 36.980536], [28.198904, 36.980536], [28.206879, 36.99018], [28.212413, 37.000434], [28.228526, 36.990546], [28.24464, 36.988186], [28.253103, 36.99372], [28.246593, 37.00788], [28.300059, 37.02497], [28.3296, 37.030463], [28.329356, 37.03677], [28.322765, 37.04385], [28.314952, 37.048814], [28.304698, 37.050849], [28.174327, 37.035142], [28.126231, 37.035875], [28.10727, 37.032131], [28.110037, 37.02147], [28.110037, 37.014106], [28.092947, 37.02143], [27.986583, 37.035142], [27.975597, 37.032294], [27.963145, 37.023586], [27.951834, 37.02147], [27.940929, 37.022203], [27.911388, 37.027737], [27.886241, 37.02619], [27.804698, 37.004584], [27.794119, 37.00788], [27.787852, 37.00788], [27.786388, 37.003567], [27.780447, 36.993598], [27.77296, 36.995836], [27.762869, 36.997301], [27.751231, 36.996894], [27.739513, 36.993598], [27.719737, 37.005194], [27.687673, 37.005439], [27.655772, 36.996527], [27.636485, 36.980536], [27.618012, 36.989244], [27.590343, 36.998277], [27.567149, 36.996649], [27.562022, 36.97309], [27.538748, 36.986721], [27.528331, 36.991278], [27.514171, 36.993598], [27.483735, 36.99079], [27.472667, 36.993598], [27.462738, 37.001125], [27.444835, 37.022528], [27.438487, 37.027737], [27.423513, 37.027167], [27.408051, 37.016832], [27.402354, 37.023871], [27.404307, 37.027737], [27.396821, 37.027737], [27.394786, 37.018297], [27.383311, 36.993598], [27.379405, 36.998969], [27.378917, 37.000718], [27.380626, 37.002427], [27.383311, 37.00788], [27.381847, 37.008979], [27.379893, 37.009182], [27.37794, 37.010199], [27.376475, 37.014106], [27.38087, 37.017971], [27.381684, 37.018948], [27.379893, 37.020901], [27.376475, 37.027737], [27.367442, 37.022773], [27.340994, 37.018459], [27.328624, 37.014106], [27.328624, 37.00788], [27.332693, 36.997056], [27.326508, 36.985989], [27.314626, 36.977118], [27.300629, 36.97309], [27.305431, 36.963284], [27.308116, 36.959418], [27.299001, 36.961493], [27.293956, 36.961615], [27.286957, 36.959418], [27.280935, 36.966864], [27.263194, 36.963365], [27.252696, 36.978339], [27.247406, 37.00023], [27.246104, 37.017768], [27.241222, 37.034369], [27.232432, 37.047309], [27.22877, 37.061835], [27.239106, 37.082953], [27.247732, 37.083441], [27.264171, 37.089016], [27.281912, 37.098334], [27.294444, 37.110297], [27.287446, 37.115424], [27.279063, 37.11758], [27.27003, 37.116034], [27.260427, 37.110297], [27.256602, 37.113674], [27.254893, 37.116523], [27.25294, 37.123969], [27.260427, 37.117743], [27.271658, 37.128852], [27.302989, 37.119574], [27.321788, 37.123969], [27.3213, 37.13109], [27.323497, 37.138861], [27.324718, 37.147854], [27.321788, 37.158677], [27.33253, 37.156195], [27.33961, 37.150539], [27.343028, 37.141791], [27.342296, 37.130113], [27.348969, 37.130113], [27.354259, 37.140855], [27.361583, 37.148627], [27.369314, 37.150702], [27.376475, 37.144436], [27.379405, 37.146674], [27.380544, 37.148098], [27.381114, 37.149482], [27.383311, 37.151842], [27.382986, 37.134711], [27.386567, 37.130072], [27.393809, 37.130805], [27.404307, 37.130113], [27.412446, 37.125678], [27.418224, 37.121243], [27.425466, 37.119615], [27.438487, 37.123969], [27.436209, 37.121243], [27.434906, 37.120347], [27.43336, 37.119696], [27.431, 37.117743], [27.445567, 37.096991], [27.459809, 37.089504], [27.475108, 37.092515], [27.501313, 37.107489], [27.522227, 37.114976], [27.531016, 37.120836], [27.541515, 37.125963], [27.565115, 37.125637], [27.575531, 37.130113], [27.575531, 37.1376], [27.562348, 37.13581], [27.559093, 37.134345], [27.554535, 37.130113], [27.547211, 37.161811], [27.539561, 37.17829], [27.527843, 37.18537], [27.527843, 37.192816], [27.574718, 37.201158], [27.587657, 37.198798], [27.575531, 37.178534], [27.586681, 37.181464], [27.594737, 37.18594], [27.609874, 37.199652], [27.594249, 37.204291], [27.588552, 37.211127], [27.589366, 37.230699], [27.591645, 37.235053], [27.604259, 37.242255], [27.609874, 37.247463], [27.612804, 37.254625], [27.614024, 37.267524], [27.615977, 37.274726], [27.60377, 37.28148], [27.603038, 37.282172], [27.594412, 37.28384], [27.592052, 37.281073], [27.591563, 37.277004], [27.589366, 37.274726], [27.564789, 37.275539], [27.553233, 37.272935], [27.54835, 37.264838], [27.543224, 37.249823], [27.530528, 37.236314], [27.514659, 37.229315], [27.500011, 37.233832], [27.517751, 37.245998], [27.519867, 37.259101], [27.5088, 37.268052], [27.486339, 37.26789], [27.483165, 37.264106], [27.473643, 37.256415], [27.463634, 37.252021], [27.458832, 37.258002], [27.461436, 37.267524], [27.467947, 37.277004], [27.486339, 37.295233], [27.485118, 37.303046], [27.490001, 37.313788], [27.491384, 37.327338], [27.480154, 37.343695], [27.472667, 37.343695], [27.468516, 37.315619], [27.446137, 37.305609], [27.418305, 37.309475], [27.396821, 37.323147], [27.388682, 37.345282], [27.396739, 37.365627], [27.415212, 37.381659], [27.438487, 37.390815], [27.426524, 37.405951], [27.407237, 37.412746], [27.403494, 37.412584], [27.386567, 37.412055], [27.370291, 37.405097], [27.361176, 37.392157], [27.356456, 37.379136], [27.346202, 37.370592], [27.321788, 37.370917], [27.321788, 37.363511], [27.336436, 37.355699], [27.330333, 37.35163], [27.271495, 37.348578], [27.25766, 37.34455], [27.246104, 37.336168], [27.23878, 37.343899], [27.2317, 37.34809], [27.224946, 37.348212], [27.218761, 37.343695], [27.217052, 37.350979], [27.215587, 37.354153], [27.211925, 37.357327], [27.204112, 37.352932], [27.201345, 37.352281], [27.198578, 37.354193], [27.190766, 37.357327], [27.200694, 37.366523], [27.20753, 37.37641], [27.209483, 37.386949], [27.205089, 37.398261], [27.220388, 37.403998], [27.226248, 37.405097], [27.226248, 37.411933], [27.217459, 37.431301], [27.222504, 37.476752], [27.205089, 37.472724], [27.199392, 37.478583], [27.192638, 37.478664], [27.185313, 37.474107], [27.177745, 37.466539], [27.181895, 37.483344], [27.187836, 37.498277], [27.19044, 37.512681], [27.184581, 37.528022], [27.188243, 37.534491], [27.184255, 37.538764], [27.180431, 37.544582], [27.184581, 37.555894], [27.200369, 37.547553], [27.209321, 37.5633], [27.212169, 37.585598], [27.208507, 37.596869], [27.193858, 37.60102], [27.136241, 37.631049], [27.048839, 37.650133], [27.011485, 37.665717], [27.020763, 37.686265], [27.038341, 37.690131], [27.105479, 37.686265], [27.127208, 37.688544], [27.213145, 37.713446], [27.22641, 37.720933], [27.249522, 37.74433], [27.256602, 37.759508], [27.260509, 37.781968], [27.261567, 37.803534], [27.260427, 37.815985], [27.252696, 37.825263], [27.243337, 37.833808], [27.237153, 37.845445], [27.239106, 37.864407], [27.242524, 37.868069], [27.255544, 37.877102], [27.260427, 37.884223], [27.263438, 37.8935], [27.265391, 37.901679], [27.264659, 37.909817], [27.260427, 37.919013], [27.27475, 37.929023], [27.266287, 37.951361], [27.239106, 37.987942], [27.214041, 37.980943], [27.177501, 37.980943], [27.141124, 37.986029], [27.116384, 37.994086], [27.111176, 37.999701], [27.107595, 38.006741], [27.101899, 38.012681], [27.091807, 38.015286], [27.083751, 38.01557], [27.075938, 38.017035], [27.07016, 38.020006], [27.067882, 38.025133], [27.064708, 38.040595], [27.055919, 38.045722], [27.027029, 38.049384], [26.975434, 38.065253], [26.949229, 38.067369], [26.917735, 38.062405], [26.900076, 38.056789], [26.893403, 38.05622], [26.88852, 38.052883], [26.88559, 38.0456], [26.881521, 38.038398], [26.873057, 38.035102], [26.864919, 38.040351], [26.842052, 38.076077], [26.847423, 38.088772], [26.846446, 38.10342], [26.841563, 38.118232], [26.835216, 38.131293], [26.825043, 38.144965], [26.802989, 38.162421], [26.79363, 38.172268], [26.776052, 38.165229], [26.771495, 38.177476], [26.773692, 38.207017], [26.760265, 38.216742], [26.74464, 38.215644], [26.727306, 38.210273], [26.708263, 38.207017], [26.645763, 38.206732], [26.635916, 38.203599], [26.622895, 38.138739], [26.618175, 38.141506], [26.617686, 38.14232], [26.615489, 38.144965], [26.609223, 38.144965], [26.612153, 38.130764], [26.612153, 38.117865], [26.607107, 38.108303], [26.594981, 38.103949], [26.588634, 38.108222], [26.576834, 38.132717], [26.567638, 38.144965], [26.567149, 38.123969], [26.556895, 38.122301], [26.543305, 38.13052], [26.523774, 38.147406], [26.517345, 38.155666], [26.515473, 38.165717], [26.519298, 38.179674], [26.49171, 38.174018], [26.466563, 38.190619], [26.442231, 38.211982], [26.417491, 38.220649], [26.422048, 38.204779], [26.424164, 38.200181], [26.417491, 38.200181], [26.41212, 38.206366], [26.390147, 38.223822], [26.391856, 38.234036], [26.394542, 38.242865], [26.394867, 38.251654], [26.390147, 38.261664], [26.383311, 38.261664], [26.375011, 38.234809], [26.354015, 38.228258], [26.328624, 38.235053], [26.296072, 38.256578], [26.286632, 38.261054], [26.23463, 38.27383], [26.233084, 38.28026], [26.23878, 38.295803], [26.265391, 38.286689], [26.276378, 38.300482], [26.285899, 38.318671], [26.307628, 38.323065], [26.307628, 38.330512], [26.28891, 38.340644], [26.286143, 38.358954], [26.294119, 38.369859], [26.307628, 38.357856], [26.309337, 38.367133], [26.311778, 38.371161], [26.315684, 38.373481], [26.321137, 38.377672], [26.325206, 38.365546], [26.325938, 38.354926], [26.322765, 38.345526], [26.314301, 38.336737], [26.319347, 38.333645], [26.324474, 38.331732], [26.330577, 38.330756], [26.338634, 38.330512], [26.346365, 38.328803], [26.348318, 38.324774], [26.349783, 38.320136], [26.35613, 38.316881], [26.370616, 38.316067], [26.38502, 38.318427], [26.391856, 38.325019], [26.383311, 38.336737], [26.383311, 38.343573], [26.398936, 38.335517], [26.405284, 38.335354], [26.417491, 38.336737], [26.42921, 38.340766], [26.4546, 38.354804], [26.462169, 38.357856], [26.475922, 38.366889], [26.477061, 38.386868], [26.468028, 38.40762], [26.451508, 38.418687], [26.451508, 38.426093], [26.476899, 38.416693], [26.489106, 38.406195], [26.497895, 38.407294], [26.513031, 38.432929], [26.498871, 38.439643], [26.474294, 38.457343], [26.453868, 38.463202], [26.440766, 38.472805], [26.431, 38.473944], [26.422048, 38.469713], [26.414236, 38.456285], [26.407237, 38.453437], [26.387869, 38.45425], [26.388194, 38.458441], [26.397227, 38.468695], [26.403819, 38.487535], [26.399913, 38.499579], [26.36964, 38.535346], [26.375824, 38.528551], [26.373057, 38.540717], [26.360688, 38.57095], [26.359141, 38.576972], [26.360118, 38.583564], [26.348643, 38.621324], [26.348969, 38.635484], [26.351085, 38.650214], [26.356293, 38.661689], [26.365977, 38.666327], [26.381033, 38.668362], [26.403005, 38.677314], [26.414073, 38.679389], [26.440603, 38.67768], [26.465587, 38.672675], [26.487641, 38.664293], [26.505626, 38.652655], [26.539561, 38.623684], [26.555837, 38.605414], [26.560802, 38.590033], [26.583995, 38.56094], [26.609223, 38.535346], [26.618012, 38.528632], [26.624766, 38.524644], [26.630382, 38.519232], [26.635916, 38.508043], [26.63795, 38.497016], [26.637462, 38.487209], [26.638031, 38.477729], [26.643321, 38.467719], [26.636729, 38.463446], [26.633149, 38.4619], [26.629161, 38.460883], [26.621349, 38.46662], [26.61085, 38.468411], [26.599294, 38.466376], [26.588145, 38.460883], [26.605235, 38.453803], [26.604991, 38.44477], [26.596365, 38.433173], [26.588145, 38.418687], [26.611827, 38.416246], [26.622081, 38.405341], [26.628266, 38.390082], [26.639659, 38.374579], [26.657074, 38.328803], [26.673106, 38.307196], [26.694591, 38.313178], [26.699962, 38.325751], [26.693614, 38.334377], [26.677501, 38.343573], [26.670665, 38.385159], [26.675955, 38.40233], [26.687266, 38.419745], [26.702403, 38.430162], [26.719086, 38.426093], [26.719086, 38.432929], [26.725352, 38.432929], [26.736664, 38.422919], [26.74822, 38.40469], [26.766856, 38.364081], [26.771495, 38.366116], [26.78297, 38.369371], [26.787364, 38.371527], [26.795095, 38.358629], [26.809825, 38.360053], [26.827647, 38.367255], [26.84547, 38.371527], [26.924571, 38.377672], [26.973806, 38.396186], [26.989757, 38.398871], [26.994477, 38.400784], [27.007498, 38.409735], [27.013357, 38.412502], [27.023611, 38.412095], [27.03297, 38.409003], [27.042491, 38.40762], [27.054373, 38.412502], [27.055837, 38.408515], [27.061209, 38.412502], [27.088634, 38.402248], [27.111827, 38.414008], [27.135427, 38.433661], [27.164236, 38.446601], [27.164236, 38.453437], [27.15447, 38.459418], [27.150157, 38.458726], [27.143077, 38.453437], [27.136241, 38.460883], [27.116954, 38.453925], [27.083344, 38.456732], [27.074718, 38.453437], [27.049083, 38.463202], [27.022309, 38.46247], [26.959646, 38.441962], [26.93865, 38.434231], [26.935395, 38.434882], [26.945079, 38.446601], [26.927908, 38.456041], [26.897634, 38.494696], [26.884044, 38.501207], [26.859223, 38.507473], [26.849294, 38.512397], [26.826915, 38.52619], [26.814708, 38.542792], [26.829275, 38.531317], [26.847016, 38.520697], [26.874197, 38.507473], [26.889822, 38.508043], [26.889822, 38.514879], [26.877778, 38.526353], [26.865082, 38.535549], [26.851248, 38.542914], [26.835216, 38.549018], [26.839366, 38.560777], [26.844574, 38.585435], [26.848888, 38.597398], [26.834239, 38.608222], [26.825043, 38.604804], [26.813731, 38.597642], [26.79363, 38.597398], [26.798106, 38.607733], [26.801036, 38.611721], [26.779307, 38.617743], [26.766938, 38.619045], [26.753184, 38.617906], [26.755138, 38.622545], [26.757579, 38.633775], [26.759451, 38.638414], [26.74643, 38.638658], [26.73699, 38.642483], [26.719086, 38.652655], [26.726085, 38.659003], [26.733653, 38.663642], [26.742442, 38.666246], [26.753184, 38.666327], [26.733165, 38.689643], [26.725841, 38.702704], [26.719086, 38.720933], [26.737559, 38.73078], [26.78891, 38.739407], [26.818207, 38.755439], [26.823741, 38.75373], [26.827485, 38.75019], [26.828949, 38.748277], [26.830577, 38.74726], [26.841807, 38.745836], [26.851573, 38.745673], [26.874522, 38.737535], [26.88852, 38.734036], [26.903494, 38.734565], [26.897227, 38.748277], [26.907074, 38.753648], [26.915294, 38.759955], [26.923025, 38.762152], [26.931407, 38.755072], [26.934418, 38.762885], [26.935069, 38.770453], [26.933849, 38.778957], [26.931407, 38.789252], [26.924571, 38.781724], [26.90447, 38.80976], [26.897227, 38.816555], [26.937673, 38.830227], [26.943858, 38.808743], [26.960785, 38.806138], [26.971446, 38.819159], [26.958751, 38.844468], [26.975352, 38.848619], [26.990896, 38.855048], [27.003917, 38.86286], [27.013357, 38.871161], [27.033539, 38.8605], [27.055024, 38.87108], [27.062673, 38.886868], [27.04127, 38.891669], [27.057872, 38.918524], [27.057791, 38.929755], [27.04127, 38.94009], [27.024099, 38.928168], [27.012869, 38.922065], [27.001231, 38.919867], [26.982595, 38.919623], [26.97755, 38.922756], [26.96754, 38.936916], [26.962413, 38.94009], [26.949962, 38.936998], [26.941661, 38.931871], [26.934255, 38.930894], [26.924571, 38.94009], [26.913422, 38.931952], [26.879161, 38.916205], [26.866222, 38.913398], [26.855642, 38.917548], [26.840099, 38.935858], [26.825206, 38.94009], [26.806488, 38.950141], [26.797211, 38.973131], [26.799164, 38.998358], [26.814708, 39.015123], [26.814708, 39.021959], [26.809581, 39.021552], [26.79363, 39.021959], [26.806407, 39.033881], [26.829112, 39.047349], [26.854015, 39.058417], [26.873057, 39.062934], [26.883149, 39.071601], [26.875255, 39.090888], [26.851899, 39.121283], [26.823741, 39.149075], [26.809825, 39.157457], [26.778738, 39.17003], [26.771169, 39.173082], [26.751638, 39.184638], [26.737804, 39.197211], [26.739024, 39.207587], [26.730968, 39.227607], [26.726573, 39.247504], [26.718761, 39.262885], [26.701427, 39.268988], [26.653331, 39.266913], [26.62908, 39.268378], [26.609223, 39.275214], [26.619314, 39.283149], [26.625173, 39.30329], [26.632579, 39.313422], [26.645518, 39.317572], [26.654796, 39.313218], [26.653819, 39.306464], [26.635916, 39.303168], [26.635916, 39.296942], [26.646739, 39.297309], [26.656016, 39.294257], [26.66391, 39.289008], [26.670665, 39.28266], [26.664806, 39.298082], [26.670258, 39.305976], [26.681163, 39.310614], [26.691173, 39.31623], [26.708751, 39.3369], [26.814708, 39.399359], [26.805431, 39.405097], [26.801036, 39.406195], [26.801036, 39.412421], [26.802582, 39.419176], [26.802745, 39.425116], [26.801036, 39.433539], [26.837413, 39.435614], [26.850841, 39.439765], [26.863048, 39.44717], [26.852061, 39.461819], [26.867931, 39.471503], [26.925955, 39.485826], [26.929861, 39.487738], [26.929698, 39.491441], [26.931407, 39.501776], [26.945079, 39.539618], [26.943858, 39.560981], [26.937673, 39.574774], [26.922211, 39.58218], [26.893403, 39.584377], [26.870453, 39.57685], [26.852061, 39.563381], [26.832856, 39.55683], [26.807872, 39.570705], [26.667247, 39.550849], [26.456798, 39.521186], [26.434255, 39.513983], [26.424164, 39.505194], [26.41391, 39.505316], [26.369965, 39.485785], [26.362153, 39.48135], [26.350108, 39.48135], [26.297374, 39.488715], [26.286632, 39.487616], [26.273611, 39.482408], [26.26295, 39.48135], [26.253917, 39.472846], [26.252289, 39.470771], [26.249278, 39.465644], [26.242524, 39.467597], [26.231781, 39.474514], [26.152843, 39.459215], [26.112966, 39.459174], [26.074229, 39.474514], [26.069998, 39.496283], [26.094981, 39.54857], [26.110688, 39.597886], [26.148204, 39.626044], [26.156749, 39.649237], [26.163585, 39.704169], [26.159353, 39.714911], [26.140636, 39.742743], [26.136404, 39.755683], [26.137869, 39.764553], [26.1421, 39.76789], [26.146739, 39.770209], [26.149913, 39.776109], [26.149913, 39.799994], [26.154959, 39.826158], [26.151703, 39.83515], [26.136404, 39.837592], [26.141856, 39.849026], [26.156749, 39.898993], [26.156016, 39.905097], [26.150645, 39.924709], [26.149913, 39.933783], [26.152599, 39.942613], [26.161632, 39.956204], [26.163585, 39.964545], [26.167654, 39.973578], [26.18865, 40.001776], [26.197765, 40.008857], [26.25115, 39.994859], [26.266938, 40.003079], [26.300304, 40.01439], [26.311046, 40.019477], [26.353201, 40.052151], [26.362153, 40.063463], [26.365001, 40.071763], [26.366222, 40.084621], [26.36964, 40.090806], [26.370372, 40.094713], [26.369477, 40.099189], [26.369395, 40.102932], [26.372813, 40.104478], [26.3838, 40.104153], [26.389008, 40.10517], [26.39324, 40.108222], [26.399587, 40.120836], [26.403494, 40.138983], [26.403005, 40.157904], [26.396332, 40.172756], [26.402843, 40.187445], [26.40797, 40.193671], [26.414887, 40.194892], [26.427582, 40.194485], [26.441417, 40.196601], [26.46754, 40.206], [26.500743, 40.212958], [26.519379, 40.225165], [26.56365, 40.270168], [26.57252, 40.274563], [26.581391, 40.277004], [26.594981, 40.28262], [26.607595, 40.290432], [26.71461, 40.390611], [26.735606, 40.403551], [26.776703, 40.405504], [26.863048, 40.399888], [26.897227, 40.406155], [26.908214, 40.403713], [26.934418, 40.392483], [26.991466, 40.388617], [27.013357, 40.392483], [27.04127, 40.409613], [27.065766, 40.433539], [27.096365, 40.452297], [27.143077, 40.453925], [27.177013, 40.448798], [27.215343, 40.447699], [27.237559, 40.45185], [27.271495, 40.467841], [27.286957, 40.468207], [27.303396, 40.458441], [27.313731, 40.444078], [27.328624, 40.41356], [27.314952, 40.406155], [27.308116, 40.406155], [27.303559, 40.410468], [27.303233, 40.410956], [27.301768, 40.409003], [27.294444, 40.406155], [27.337576, 40.370307], [27.392914, 40.342108], [27.452322, 40.322008], [27.523285, 40.308783], [27.55128, 40.308824], [27.562022, 40.310492], [27.597016, 40.328315], [27.612966, 40.331], [27.64088, 40.326117], [27.66505, 40.31745], [27.687999, 40.313788], [27.71225, 40.324205], [27.732595, 40.317288], [27.762706, 40.315375], [27.789806, 40.320461], [27.813243, 40.347113], [27.867361, 40.368883], [27.883556, 40.386298], [27.865245, 40.386786], [27.815278, 40.399888], [27.800548, 40.393012], [27.791759, 40.39289], [27.787852, 40.403022], [27.785818, 40.412909], [27.780121, 40.415717], [27.773448, 40.41649], [27.767426, 40.420396], [27.760753, 40.428412], [27.756358, 40.432603], [27.75408, 40.4383], [27.753184, 40.450832], [27.750173, 40.457587], [27.742686, 40.459052], [27.733735, 40.459052], [27.725841, 40.461371], [27.693207, 40.486274], [27.684255, 40.496161], [27.684255, 40.502346], [27.6963, 40.506415], [27.706065, 40.511908], [27.722423, 40.526272], [27.733165, 40.530585], [27.741954, 40.526313], [27.750173, 40.524726], [27.76002, 40.537055], [27.779063, 40.518256], [27.780447, 40.515326], [27.789399, 40.514228], [27.792247, 40.517035], [27.795177, 40.520901], [27.804698, 40.522773], [27.9699, 40.502997], [28.014171, 40.491156], [28.034434, 40.474433], [28.016775, 40.451077], [27.929942, 40.416938], [27.903982, 40.399888], [27.908458, 40.374213], [27.944672, 40.366034], [28.027517, 40.372016], [28.11199, 40.396064], [28.347992, 40.404039], [28.400401, 40.397406], [28.486827, 40.399888], [28.476085, 40.397935], [28.46754, 40.394355], [28.461681, 40.388373], [28.458832, 40.379462], [28.499522, 40.391099], [28.545421, 40.391303], [28.592784, 40.381903], [28.637706, 40.36518], [28.643809, 40.371243], [28.647472, 40.370022], [28.651215, 40.36636], [28.658051, 40.36518], [28.66684, 40.368109], [28.677419, 40.376044], [28.685395, 40.379462], [28.741873, 40.38642], [28.757091, 40.396186], [28.771983, 40.402533], [28.79127, 40.400458], [28.82545, 40.392483], [28.855642, 40.391181], [28.884044, 40.386298], [28.89796, 40.381334], [28.921397, 40.370022], [28.938731, 40.36518], [28.956554, 40.363186], [29.033946, 40.364447], [29.051606, 40.367336], [29.065684, 40.375718], [29.073904, 40.388658], [29.082693, 40.415676], [29.090099, 40.427232], [29.102794, 40.423041], [29.118988, 40.423651], [29.136404, 40.427883], [29.151541, 40.434068], [29.133556, 40.450751], [29.111501, 40.466132], [29.087901, 40.477484], [29.065684, 40.481879], [29.010997, 40.481879], [29.002452, 40.478664], [28.980317, 40.464545], [28.969493, 40.461371], [28.916677, 40.470893], [28.828461, 40.513007], [28.774181, 40.522773], [28.792654, 40.55329], [28.826834, 40.570624], [28.897716, 40.591742], [28.927745, 40.606431], [28.970063, 40.639472], [28.986339, 40.644761], [29.281586, 40.66592], [29.323253, 40.676744], [29.36378, 40.694159], [29.384532, 40.706488], [29.391856, 40.707831], [29.399181, 40.702582], [29.407237, 40.693101], [29.41684, 40.686754], [29.428722, 40.690985], [29.437755, 40.695461], [29.450369, 40.699368], [29.461436, 40.704169], [29.466156, 40.711493], [29.470063, 40.71894], [29.479259, 40.724066], [29.490571, 40.72724], [29.50115, 40.728909], [29.511241, 40.727484], [29.527517, 40.721503], [29.542247, 40.709662], [29.548839, 40.690985], [29.559906, 40.691067], [29.753266, 40.724555], [29.867198, 40.728909], [29.903575, 40.716254], [29.924164, 40.716457], [29.939301, 40.735053], [29.92921, 40.758043], [29.890147, 40.763495], [29.809418, 40.755561], [29.802501, 40.753852], [29.795258, 40.751125], [29.786632, 40.748847], [29.775401, 40.748725], [29.763845, 40.752753], [29.743826, 40.766791], [29.737559, 40.769843], [29.721528, 40.77204], [29.686534, 40.781562], [29.666189, 40.783515], [29.428722, 40.776068], [29.410167, 40.771226], [29.394298, 40.762112], [29.377778, 40.756537], [29.356944, 40.762397], [29.348481, 40.770941], [29.344249, 40.780219], [29.339529, 40.787584], [29.329112, 40.790351], [29.333018, 40.792426], [29.335623, 40.794501], [29.338634, 40.796373], [29.343435, 40.797797], [29.339529, 40.807807], [29.333344, 40.814846], [29.325206, 40.820054], [29.31544, 40.824449], [29.311046, 40.818183], [29.301768, 40.824449], [29.293468, 40.818671], [29.281586, 40.815375], [29.254568, 40.810777], [29.254568, 40.817043], [29.264171, 40.817939], [29.270763, 40.821845], [29.274099, 40.828843], [29.274587, 40.838772], [29.28419, 40.83393], [29.288259, 40.831285], [29.287608, 40.835598], [29.288422, 40.837795], [29.291026, 40.838568], [29.294932, 40.838772], [29.283865, 40.85163], [29.263927, 40.869778], [29.253673, 40.875474], [29.240977, 40.882554], [29.22047, 40.879706], [29.201345, 40.893948], [29.144786, 40.91413], [29.124278, 40.926907], [29.103526, 40.946723], [29.083181, 40.959662], [29.028087, 40.982123], [29.032074, 40.984036], [29.032888, 40.984565], [29.032888, 40.985663], [29.034841, 40.989569], [29.023285, 40.993354], [29.018321, 41.003892], [29.014659, 41.017524], [29.007579, 41.030504], [29.026052, 41.038275], [29.046153, 41.055487], [29.062348, 41.076321], [29.076182, 41.114407], [29.088145, 41.128852], [29.090587, 41.140937], [29.069102, 41.152777], [29.092621, 41.180365], [29.130056, 41.2119], [29.169688, 41.2331], [29.199962, 41.229193], [29.206228, 41.229193], [29.216156, 41.239407], [29.231781, 41.240709], [29.419607, 41.214301], [29.618826, 41.1789], [29.884613, 41.148993], [30.136892, 41.143785], [30.165212, 41.146633], [30.180024, 41.151557], [30.203461, 41.164496], [30.217052, 41.167141], [30.22641, 41.172919], [30.233653, 41.184475], [30.240489, 41.192328], [30.248302, 41.187567], [30.259044, 41.195746], [30.271251, 41.211168], [30.282481, 41.215522], [30.295584, 41.207424], [30.336681, 41.200832], [30.369965, 41.181342], [30.699229, 41.121527], [30.732432, 41.099433], [30.748057, 41.091986], [30.833263, 41.079901], [31.090587, 41.08515], [31.115245, 41.096015], [31.124766, 41.098131], [31.137055, 41.097602], [31.158458, 41.093085], [31.169444, 41.091986], [31.21046, 41.098131], [31.216482, 41.097235], [31.226085, 41.092963], [31.231212, 41.091986], [31.23878, 41.093695], [31.240977, 41.097724], [31.242931, 41.102362], [31.248871, 41.105658], [31.290212, 41.117865], [31.323578, 41.133857], [31.378591, 41.174506], [31.392751, 41.188422], [31.401052, 41.202094], [31.40504, 41.218166], [31.406016, 41.239407], [31.408051, 41.248358], [31.417491, 41.268297], [31.419607, 41.280341], [31.41505, 41.285875], [31.396169, 41.295478], [31.392833, 41.303656], [31.403575, 41.316474], [31.425141, 41.322577], [31.471039, 41.324774], [31.476573, 41.329006], [31.492686, 41.347724], [31.498302, 41.352037], [31.508556, 41.353827], [31.658946, 41.397935], [31.871593, 41.504584], [31.993337, 41.549506], [32.029633, 41.571194], [32.039399, 41.575588], [32.134125, 41.599433], [32.161876, 41.612006], [32.178396, 41.636908], [32.243419, 41.692939], [32.24822, 41.698065], [32.263357, 41.72016], [32.297048, 41.727362], [32.351817, 41.729438], [32.353689, 41.735745], [32.361827, 41.73786], [32.372325, 41.742499], [32.37436, 41.749416], [32.377208, 41.754055], [32.382579, 41.75609], [32.387218, 41.753852], [32.396251, 41.744289], [32.399669, 41.742499], [32.417247, 41.748928], [32.439464, 41.767524], [32.454275, 41.777248], [32.523204, 41.804511], [32.534841, 41.810736], [32.54835, 41.815741], [32.562836, 41.816881], [32.57781, 41.811347], [32.589366, 41.826972], [32.612559, 41.839545], [32.639659, 41.843899], [32.663097, 41.834947], [32.67921, 41.83633], [32.740408, 41.853176], [32.755382, 41.859117], [32.770274, 41.857978], [32.798513, 41.859687], [32.827485, 41.864691], [32.844574, 41.872789], [32.855642, 41.868313], [32.926117, 41.881822], [32.961925, 41.89411], [33.008067, 41.917304], [33.165538, 41.956977], [33.324474, 42.019029], [33.36085, 42.020657], [33.434337, 42.010647], [33.540538, 42.010647], [33.563243, 42.007717], [33.613455, 41.99372], [33.827159, 41.977688], [33.845225, 41.982652], [33.873546, 41.974433], [34.003591, 41.982652], [34.331309, 41.947943], [34.445486, 41.972846], [34.482677, 41.975246], [34.498709, 41.97191], [34.527029, 41.960639], [34.561778, 41.95185], [34.694184, 41.94595], [34.746349, 41.950385], [34.798595, 41.962226], [34.815115, 41.969143], [34.852875, 41.991523], [34.889008, 42.007799], [34.918793, 42.035549], [34.941905, 42.069281], [34.94809, 42.098782], [34.962087, 42.095038], [34.990733, 42.091132], [35.003429, 42.08511], [35.00587, 42.091376], [35.010102, 42.09276], [35.016124, 42.09219], [35.023936, 42.092515], [35.031098, 42.080634], [35.04184, 42.072089], [35.048839, 42.065131], [35.044444, 42.057807], [35.044444, 42.051581], [35.081554, 42.029202], [35.104503, 42.021877], [35.1338, 42.023627], [35.144216, 42.02851], [35.160411, 42.04149], [35.171235, 42.044135], [35.186209, 42.042467], [35.195811, 42.038072], [35.216319, 42.023627], [35.216319, 42.016791], [35.162608, 42.021715], [35.137543, 42.019517], [35.11671, 42.006903], [35.107432, 41.991685], [35.098806, 41.969713], [35.093028, 41.946682], [35.092133, 41.928046], [35.098643, 41.912665], [35.125743, 41.875312], [35.155772, 41.845689], [35.209483, 41.811347], [35.209483, 41.804511], [35.195811, 41.804511], [35.201996, 41.791449], [35.211762, 41.775377], [35.224783, 41.761868], [35.253591, 41.750637], [35.282563, 41.724189], [35.298188, 41.715155], [35.357677, 41.696845], [35.401052, 41.691555], [35.417328, 41.683417], [35.449067, 41.660549], [35.48585, 41.645087], [35.530121, 41.634263], [35.576671, 41.629706], [35.619802, 41.632636], [35.64088, 41.639309], [35.678722, 41.656928], [35.740571, 41.664984], [35.846202, 41.698717], [35.870128, 41.701483], [35.893809, 41.707465], [35.934825, 41.732408], [35.956798, 41.736274], [35.956798, 41.729438], [35.952485, 41.723293], [35.946788, 41.717231], [35.938975, 41.712104], [35.928966, 41.70893], [35.930512, 41.693834], [35.911632, 41.662787], [35.915294, 41.646226], [35.922699, 41.646226], [35.924815, 41.670233], [35.934337, 41.692125], [35.947927, 41.710028], [35.962413, 41.721991], [35.972911, 41.728583], [35.977875, 41.729682], [36.038097, 41.687812], [36.038097, 41.701483], [36.044932, 41.701483], [36.120453, 41.627753], [36.134451, 41.599066], [36.134451, 41.558173], [36.131033, 41.548245], [36.122325, 41.531806], [36.120779, 41.527045], [36.119965, 41.49433], [36.12379, 41.479153], [36.134451, 41.4619], [36.178884, 41.419989], [36.204763, 41.40648], [36.236827, 41.358873], [36.253266, 41.348822], [36.303396, 41.328518], [36.331879, 41.323188], [36.33725, 41.318549], [36.339854, 41.31094], [36.340505, 41.300523], [36.343761, 41.288723], [36.352224, 41.283637], [36.363292, 41.281073], [36.374522, 41.277004], [36.380138, 41.272162], [36.390147, 41.260321], [36.39503, 41.256415], [36.40504, 41.253607], [36.423839, 41.251695], [36.432465, 41.246243], [36.45102, 41.240424], [36.476085, 41.24494], [36.517914, 41.262641], [36.570811, 41.297919], [36.579356, 41.307318], [36.58253, 41.317084], [36.59669, 41.335273], [36.599864, 41.341498], [36.601899, 41.343736], [36.608653, 41.364936], [36.6067, 41.366278], [36.619884, 41.375067], [36.633556, 41.374091], [36.650157, 41.369289], [36.671723, 41.366278], [36.758067, 41.366278], [36.836681, 41.350775], [36.984874, 41.294501], [37.01531, 41.274604], [37.031912, 41.242825], [37.033865, 41.198798], [37.039724, 41.181545], [37.056407, 41.174506], [37.077485, 41.170844], [37.115733, 41.153144], [37.135509, 41.146633], [37.263438, 41.147854], [37.299327, 41.140367], [37.322439, 41.124091], [37.333507, 41.11933], [37.354503, 41.114244], [37.37794, 41.112494], [37.395356, 41.108466], [37.419444, 41.087592], [37.436534, 41.077704], [37.47755, 41.067776], [37.481293, 41.062201], [37.504731, 41.042914], [37.52475, 41.037177], [37.564708, 41.040473], [37.580577, 41.03677], [37.586436, 41.042222], [37.600434, 41.046332], [37.607921, 41.050442], [37.615245, 41.058539], [37.628266, 41.08515], [37.640147, 41.101549], [37.65504, 41.117621], [37.672048, 41.131252], [37.689789, 41.140367], [37.698497, 41.124091], [37.715099, 41.114732], [37.734223, 41.114651], [37.751231, 41.126125], [37.758067, 41.11933], [37.783865, 41.122626], [37.785167, 41.060004], [37.802745, 41.042914], [37.854259, 41.023668], [37.867931, 41.01557], [37.878266, 41.005601], [37.895763, 40.982123], [37.934744, 40.995103], [37.9817, 40.99022], [38.102224, 40.959703], [38.161306, 40.952094], [38.201427, 40.941352], [38.224132, 40.941148], [38.268321, 40.950385], [38.287364, 40.947211], [38.330903, 40.917873], [38.351248, 40.917873], [38.389334, 40.926907], [38.426768, 40.918647], [38.452322, 40.916734], [38.463715, 40.923774], [38.539399, 40.926907], [38.554861, 40.935004], [38.591563, 40.962551], [38.604747, 40.968451], [38.637055, 40.97602], [38.649262, 40.975287], [38.655447, 40.971096], [38.670909, 40.954535], [38.677908, 40.948635], [38.687755, 40.952704], [38.707042, 40.952867], [38.717621, 40.954779], [38.72462, 40.959174], [38.733084, 40.966132], [38.743337, 40.97248], [38.755138, 40.975287], [38.775401, 40.993354], [38.779063, 40.999213], [38.783702, 41.001776], [38.805919, 41.007758], [38.875824, 41.018948], [38.892345, 41.027086], [38.908376, 41.037665], [38.927501, 41.042629], [39.041759, 41.043402], [39.122325, 41.057278], [39.131196, 41.061469], [39.156505, 41.077704], [39.168305, 41.079739], [39.201182, 41.077704], [39.219981, 41.072903], [39.250743, 41.053046], [39.273204, 41.050442], [39.29005, 41.054836], [39.317231, 41.068061], [39.337413, 41.070868], [39.349132, 41.073961], [39.402843, 41.098131], [39.408865, 41.102444], [39.412446, 41.106513], [39.418224, 41.110012], [39.430186, 41.112494], [39.492931, 41.10102], [39.507172, 41.090074], [39.532563, 41.064643], [39.592052, 41.025092], [39.630056, 41.00849], [39.669688, 41.002631], [39.689789, 41.007473], [39.710134, 41.015041], [39.729991, 41.017157], [39.757091, 41.002346], [39.768321, 41.00141], [39.790212, 41.002631], [39.799164, 41.000312], [39.858735, 40.96426], [39.876475, 40.957831], [39.895681, 40.954779], [39.911876, 40.963772], [39.974946, 40.980292], [39.99936, 40.982123], [40.056814, 40.941352], [40.085704, 40.926459], [40.125987, 40.92064], [40.142751, 40.922797], [40.172537, 40.932196], [40.195567, 40.936347], [40.231456, 40.946845], [40.254649, 40.958686], [40.301036, 40.968451], [40.464854, 41.050442], [40.499685, 41.038764], [40.529145, 41.036282], [40.557384, 41.042467], [40.58839, 41.057278], [40.62615, 41.08218], [40.639659, 41.08515], [40.670665, 41.087958], [40.685883, 41.091986], [40.698253, 41.098131], [40.757579, 41.158352], [40.827485, 41.197943], [40.838878, 41.201239], [40.854015, 41.199286], [40.896821, 41.187567], [40.922048, 41.190619], [40.959809, 41.210639], [40.976085, 41.215522], [40.997081, 41.217719], [41.020274, 41.2237], [41.042735, 41.232489], [41.061371, 41.242825], [41.100841, 41.274156], [41.121349, 41.285549], [41.146658, 41.289984], [41.172618, 41.291246], [41.190766, 41.295722], [41.285004, 41.353827], [41.310313, 41.360785], [41.331798, 41.369696], [41.34254, 41.372504], [41.377452, 41.376044], [41.390391, 41.37934], [41.408946, 41.390326], [41.424164, 41.407864], [41.434337, 41.429145], [41.438162, 41.451361], [41.448578, 41.456244], [41.507091, 41.495429], [41.520763, 41.514228], [41.627257, 41.480518], [41.63997, 41.47871], [41.669839, 41.480467], [41.694953, 41.489097], [41.702601, 41.489045], [41.703945, 41.485117], [41.702808, 41.477624], [41.702601, 41.46946], [41.706839, 41.463155], [41.718518, 41.459589], [41.747767, 41.45685], [41.760996, 41.453543], [41.800787, 41.42569], [41.812982, 41.421814], [41.822594, 41.426], [41.862695, 41.451786], [41.894011, 41.485531], [41.907757, 41.493489], [41.947961, 41.505581], [42.019585, 41.485066], [42.054931, 41.493489], [42.069401, 41.498605], [42.083457, 41.500104], [42.097513, 41.498347], [42.111775, 41.493489], [42.143195, 41.500259], [42.158387, 41.499897], [42.17265, 41.493489], [42.18929, 41.481707], [42.213268, 41.480208], [42.262464, 41.482327], [42.437854, 41.430857], [42.451033, 41.43137], [42.463072, 41.431839], [42.483846, 41.442174], [42.513818, 41.476229], [42.535522, 41.493489], [42.545547, 41.509612], [42.554952, 41.550333], [42.565184, 41.567128], [42.585235, 41.578755], [42.586648, 41.579107], [42.590914, 41.580169], [42.610556, 41.58506], [42.660992, 41.588264], [42.800932, 41.57922], [42.819949, 41.572347], [42.812198, 41.562994], [42.80889, 41.552917], [42.806823, 41.542995], [42.802689, 41.534107], [42.794628, 41.52682], [42.774887, 41.514263], [42.766516, 41.504341], [42.792147, 41.492869], [42.811164, 41.477159], [42.829974, 41.472508], [42.854572, 41.493799], [42.868008, 41.500207], [42.87514, 41.493696], [42.880721, 41.481242], [42.888989, 41.469976], [42.896637, 41.466566], [42.926093, 41.459073], [42.93219, 41.454783], [42.936221, 41.450236], [42.941079, 41.446308], [42.949967, 41.443673], [42.957719, 41.437007], [42.987588, 41.394684], [43.002057, 41.382695], [43.075644, 41.344868], [43.12391, 41.312932], [43.154761, 41.301873], [43.18401, 41.298979], [43.185353, 41.293811], [43.171866, 41.279342], [43.157241, 41.26973], [43.103136, 41.248801], [43.130318, 41.24229], [43.152332, 41.24415], [43.172021, 41.242342], [43.192226, 41.224978], [43.216204, 41.180537], [43.230622, 41.17263], [43.322606, 41.19206], [43.351751, 41.193611], [43.383274, 41.187203], [43.410559, 41.175162], [43.437586, 41.156197], [43.451797, 41.132581], [43.440428, 41.106588]]], [[[28.016775, 41.972561], [28.03061, 41.924547], [28.030935, 41.913764], [28.035899, 41.9112], [28.042328, 41.904853], [28.04656, 41.897121], [28.044932, 41.890204], [28.035818, 41.885891], [28.025645, 41.887356], [28.007009, 41.893297], [27.990571, 41.892768], [27.97755, 41.887356], [27.969086, 41.873765], [27.966075, 41.848944], [27.972016, 41.822252], [27.986827, 41.804023], [28.004893, 41.78856], [28.021251, 41.770413], [28.040212, 41.725409], [28.051768, 41.712063], [28.070079, 41.699408], [28.078461, 41.691962], [28.083263, 41.681545], [28.085785, 41.679755], [28.08839, 41.676907], [28.08961, 41.670803], [28.087087, 41.66706], [28.081554, 41.667385], [28.076671, 41.666815], [28.075938, 41.660549], [28.083344, 41.644924], [28.097179, 41.626695], [28.113292, 41.611558], [28.141856, 41.598944], [28.156505, 41.584377], [28.177745, 41.558173], [28.232758, 41.518988], [28.384288, 41.447455], [28.600841, 41.377509], [28.908458, 41.266547], [29.007579, 41.249661], [29.012869, 41.248114], [29.015147, 41.245795], [29.017833, 41.24372], [29.024262, 41.242825], [29.031993, 41.24494], [29.038259, 41.25434], [29.045177, 41.256415], [29.068696, 41.25373], [29.093923, 41.246405], [29.109223, 41.235297], [29.099864, 41.210395], [29.086762, 41.191881], [29.069347, 41.174709], [29.052257, 41.167141], [29.040782, 41.164293], [29.043305, 41.15766], [29.051443, 41.149848], [29.057384, 41.141547], [29.063731, 41.134467], [29.065684, 41.132961], [29.070649, 41.130194], [29.068696, 41.124457], [29.064464, 41.119574], [29.062266, 41.11933], [29.058604, 41.099595], [29.051524, 41.081773], [29.042166, 41.066352], [29.031505, 41.05386], [29.023285, 41.048814], [29.005544, 41.044501], [28.997325, 41.039862], [28.989513, 41.031073], [28.988048, 41.025784], [28.988536, 41.021633], [28.989594, 41.017076], [28.992524, 41.013658], [28.992361, 41.008205], [28.986501, 41.002631], [28.981944, 41.001654], [28.96046, 41.002997], [28.951834, 41.008612], [28.946137, 41.009467], [28.94044, 41.006822], [28.931651, 40.997748], [28.928396, 40.995795], [28.917491, 40.993598], [28.899262, 40.98428], [28.859548, 40.978013], [28.849946, 40.975287], [28.844249, 40.97191], [28.840017, 40.967678], [28.833751, 40.963935], [28.822032, 40.961615], [28.797618, 40.962551], [28.785981, 40.965644], [28.781016, 40.971869], [28.770193, 40.979315], [28.745291, 40.98017], [28.625255, 40.968411], [28.595225, 40.977973], [28.603526, 41.009467], [28.591807, 41.018866], [28.584809, 41.02204], [28.575531, 41.023668], [28.58253, 41.046373], [28.572439, 41.066474], [28.551931, 41.080512], [28.527843, 41.08515], [28.532888, 41.070624], [28.554535, 41.053656], [28.562511, 41.03677], [28.562836, 41.026679], [28.560313, 41.012274], [28.553559, 40.998358], [28.541352, 40.989569], [28.512462, 40.992662], [28.460704, 41.032864], [28.435313, 41.042914], [28.402192, 41.047309], [28.332774, 41.066555], [28.298106, 41.070868], [28.264008, 41.070868], [28.25587, 41.073188], [28.244965, 41.082953], [28.236664, 41.08515], [28.199474, 41.078559], [28.181651, 41.077704], [28.174734, 41.080837], [28.165294, 41.08515], [28.117442, 41.071234], [28.110037, 41.067776], [28.100271, 41.067816], [28.044932, 41.050442], [28.030121, 41.047593], [28.013031, 41.040717], [27.997325, 41.03205], [27.986583, 41.023668], [27.964366, 40.996283], [27.957774, 40.983303], [27.959239, 40.975287], [27.941254, 40.971096], [27.860688, 40.978461], [27.845714, 40.98607], [27.831554, 40.995103], [27.815278, 41.002631], [27.776134, 41.010972], [27.737804, 41.012641], [27.524181, 40.989203], [27.493175, 40.975287], [27.47169, 40.94184], [27.446544, 40.861721], [27.424815, 40.831285], [27.330821, 40.760972], [27.287934, 40.703559], [27.198253, 40.653144], [27.192719, 40.648342], [27.182302, 40.636379], [27.177745, 40.632636], [27.167003, 40.629869], [27.142833, 40.627387], [27.115245, 40.613715], [27.068614, 40.614407], [27.047537, 40.612209], [27.03061, 40.601549], [27.001475, 40.570299], [26.989757, 40.563788], [26.963552, 40.561021], [26.94988, 40.559556], [26.911632, 40.550727], [26.853689, 40.523139], [26.838634, 40.512274], [26.821056, 40.503119], [26.759451, 40.496161], [26.740733, 40.487454], [26.708344, 40.465725], [26.694591, 40.461371], [26.68336, 40.455471], [26.674327, 40.425686], [26.663829, 40.41356], [26.631521, 40.400051], [26.624848, 40.392483], [26.622895, 40.375718], [26.61671, 40.359524], [26.601573, 40.346137], [26.546723, 40.307563], [26.539724, 40.303697], [26.510427, 40.298163], [26.497244, 40.289944], [26.476085, 40.273383], [26.475841, 40.269599], [26.470876, 40.265855], [26.444672, 40.241645], [26.426524, 40.230292], [26.403656, 40.219428], [26.379893, 40.21133], [26.359141, 40.208157], [26.345551, 40.199774], [26.348806, 40.181342], [26.361339, 40.162584], [26.375824, 40.15351], [26.327973, 40.11872], [26.312999, 40.110053], [26.273123, 40.092597], [26.242931, 40.070787], [26.230642, 40.064887], [26.177582, 40.050727], [26.167003, 40.049872], [26.157481, 40.055325], [26.160004, 40.067206], [26.167979, 40.079169], [26.173839, 40.084621], [26.190196, 40.094224], [26.201427, 40.115302], [26.209239, 40.13642], [26.214692, 40.146064], [26.259776, 40.194485], [26.271983, 40.230414], [26.266938, 40.257758], [26.247895, 40.27912], [26.21811, 40.296861], [26.228526, 40.303453], [26.231781, 40.310126], [26.227387, 40.315334], [26.214692, 40.317369], [26.209972, 40.321926], [26.219086, 40.331448], [26.232188, 40.340033], [26.23878, 40.341539], [26.250173, 40.349514], [26.301443, 40.364691], [26.321137, 40.36518], [26.336111, 40.385321], [26.385753, 40.409857], [26.432791, 40.439846], [26.49171, 40.456529], [26.535899, 40.4855], [26.564464, 40.499457], [26.595551, 40.510403], [26.622895, 40.515326], [26.66977, 40.51081], [26.683767, 40.515326], [26.697276, 40.526435], [26.718272, 40.5515], [26.732758, 40.563788], [26.756196, 40.554836], [26.788259, 40.562934], [26.816661, 40.580959], [26.828949, 40.601996], [26.79835, 40.651557], [26.790375, 40.66059], [26.780528, 40.659369], [26.714203, 40.651313], [26.690766, 40.642564], [26.677501, 40.639472], [26.609223, 40.639472], [26.582042, 40.633002], [26.505626, 40.598578], [26.477061, 40.613105], [26.461192, 40.617621], [26.444672, 40.619045], [26.431, 40.61518], [26.415294, 40.608222], [26.39975, 40.604153], [26.373057, 40.614447], [26.35613, 40.613023], [26.302582, 40.601142], [26.117361, 40.601996], [26.091319, 40.605414], [26.076915, 40.611802], [26.068533, 40.627102], [26.062266, 40.645413], [26.053722, 40.66059], [26.060883, 40.675849], [26.058116, 40.697699], [26.048106, 40.719631], [26.033214, 40.735053], [26.040863, 40.73664], [26.043956, 40.738471], [26.081591, 40.735551], [26.112287, 40.746971], [26.134508, 40.767125], [26.142983, 40.79379], [26.158279, 40.812187], [26.212022, 40.84743], [26.205098, 40.858386], [26.205821, 40.865], [26.208715, 40.868411], [26.218637, 40.871977], [26.215123, 40.872855], [26.212539, 40.873114], [26.211196, 40.874715], [26.211919, 40.87947], [26.220911, 40.88133], [26.225252, 40.883604], [26.226285, 40.888823], [26.226182, 40.899313], [26.231143, 40.889805], [26.232383, 40.885671], [26.239204, 40.885671], [26.246335, 40.891459], [26.252227, 40.900554], [26.260391, 40.920449], [26.266489, 40.920449], [26.270003, 40.914816], [26.275171, 40.910269], [26.282199, 40.90722], [26.290674, 40.906135], [26.304006, 40.909029], [26.303283, 40.915488], [26.297288, 40.922413], [26.294395, 40.92665], [26.306487, 40.936004], [26.335012, 40.946236], [26.349068, 40.954556], [26.359093, 40.964684], [26.3562, 40.968146], [26.346484, 40.971712], [26.336046, 40.981892], [26.333152, 40.990729], [26.335942, 40.997137], [26.344624, 41.001064], [26.35961, 41.002408], [26.368085, 41.007731], [26.37501, 41.019461], [26.374183, 41.03114], [26.347621, 41.040959], [26.339043, 41.051552], [26.32509, 41.074083], [26.322403, 41.088553], [26.339456, 41.114494], [26.332325, 41.119042], [26.317339, 41.122297], [26.317339, 41.130462], [26.336046, 41.15258], [26.32416, 41.169891], [26.32106, 41.187616], [26.325504, 41.206995], [26.336046, 41.228906], [26.320543, 41.246217], [26.331705, 41.254124], [26.39506, 41.258981], [26.412113, 41.265699], [26.438468, 41.283579], [26.466374, 41.29717], [26.471955, 41.301925], [26.474435, 41.306369], [26.478776, 41.309624], [26.489318, 41.310865], [26.540168, 41.351792], [26.550606, 41.341767], [26.569623, 41.333602], [26.591121, 41.329313], [26.609724, 41.330708], [26.622643, 41.340372], [26.631738, 41.357528], [26.636596, 41.378457], [26.636389, 41.399593], [26.632152, 41.419747], [26.615925, 41.468529], [26.610964, 41.505736], [26.606107, 41.523048], [26.595461, 41.537414], [26.601663, 41.547336], [26.597839, 41.573277], [26.602283, 41.585163], [26.598562, 41.590847], [26.596288, 41.59754], [26.595255, 41.604955], [26.595461, 41.612448], [26.576445, 41.591003], [26.566523, 41.598754], [26.521151, 41.616427], [26.46441, 41.648518], [26.473195, 41.661127], [26.476192, 41.675726], [26.460379, 41.678775], [26.442809, 41.684459], [26.404362, 41.691823], [26.377387, 41.710633], [26.35961, 41.714897], [26.333359, 41.713036], [26.32323, 41.723682], [26.316305, 41.743758], [26.320026, 41.765462], [26.334185, 41.789543], [26.375527, 41.816622], [26.478363, 41.813289], [26.526112, 41.824244], [26.539548, 41.83799], [26.547816, 41.856283], [26.552053, 41.874448], [26.552895, 41.881643], [26.553604, 41.887703], [26.55474, 41.892948], [26.558978, 41.901733], [26.559805, 41.90734], [26.556807, 41.91075], [26.544715, 41.916435], [26.542958, 41.920362], [26.547092, 41.926899], [26.553293, 41.931576], [26.560632, 41.935684], [26.589467, 41.958758], [26.605693, 41.967414], [26.623573, 41.969041], [26.717573, 41.957311], [26.736745, 41.958965], [26.746977, 41.964494], [26.768578, 41.980772], [26.780566, 41.983433], [26.78992, 41.979945], [26.80842, 41.967879], [26.819427, 41.965657], [26.827695, 41.968783], [26.837899, 41.97522], [26.85002, 41.982865], [26.860768, 41.987903], [26.871724, 41.988136], [26.881129, 41.985526], [26.890327, 41.985423], [26.901076, 41.993484], [26.911463, 41.996792], [26.930221, 41.994518], [26.938903, 41.996223], [26.950065, 42.006171], [26.95823, 42.018237], [26.96717, 42.028495], [26.981071, 42.032862], [27.000398, 42.04281], [27.022619, 42.073893], [27.046545, 42.082936], [27.047903, 42.08292], [27.06551, 42.082704], [27.0837, 42.078415], [27.10065, 42.071102], [27.11605, 42.061826], [27.127212, 42.062576], [27.149588, 42.061826], [27.173824, 42.057072], [27.178165, 42.058364], [27.178992, 42.061878], [27.181576, 42.065883], [27.203796, 42.08813], [27.216405, 42.095623], [27.238213, 42.097922], [27.273353, 42.091747], [27.305289, 42.077588], [27.332471, 42.057434], [27.374845, 42.008703], [27.39686, 41.989324], [27.420837, 41.973718], [27.494321, 41.942841], [27.509463, 41.933178], [27.533182, 41.908063], [27.546411, 41.901164], [27.562741, 41.906435], [27.548892, 41.91088], [27.551269, 41.913102], [27.55747, 41.915505], [27.560674, 41.917675], [27.557935, 41.91907], [27.554886, 41.920336], [27.552096, 41.921835], [27.550752, 41.924212], [27.572198, 41.929845], [27.582378, 41.934883], [27.590543, 41.942893], [27.598088, 41.938604], [27.603359, 41.93863], [27.606873, 41.943513], [27.609301, 41.953487], [27.687074, 41.968602], [27.723971, 41.967595], [27.776165, 41.946123], [27.789807, 41.942686], [27.80283, 41.943074], [27.815335, 41.946795], [27.818281, 41.952867], [27.802726, 41.96005], [27.804897, 41.969894], [27.804948, 41.983433], [27.807997, 41.993484], [27.811925, 41.994699], [27.815955, 41.995138], [27.819935, 41.994699], [27.824017, 41.993484], [27.843034, 41.995758], [27.852232, 41.995448], [27.876934, 41.99072], [27.903392, 41.981056], [27.917035, 41.977904], [27.96592, 41.982141], [27.98101, 41.978524], [28.016775, 41.972561]]], [[[26.060557, 39.837592], [26.077159, 39.844672], [26.083018, 39.834947], [26.081716, 39.799994], [26.074962, 39.784898], [26.059093, 39.786078], [26.026541, 39.803412], [25.997081, 39.814154], [25.983653, 39.822089], [25.978038, 39.834174], [25.986013, 39.842231], [26.004242, 39.845201], [26.04005, 39.845038], [26.046235, 39.844062], [26.051117, 39.844062], [26.055512, 39.842719], [26.060557, 39.837592]]], [[[26.012218, 40.166571], [26.012218, 40.146064], [25.990245, 40.136908], [25.967784, 40.130764], [25.900401, 40.122748], [25.856293, 40.107856], [25.765961, 40.097154], [25.745291, 40.098293], [25.721202, 40.104804], [25.709321, 40.109931], [25.704356, 40.115302], [25.663259, 40.126166], [25.663259, 40.132392], [25.686209, 40.160834], [25.719005, 40.187201], [25.759044, 40.206732], [25.826915, 40.21662], [25.913341, 40.241278], [25.925955, 40.242825], [25.938243, 40.241645], [25.944672, 40.237006], [25.950043, 40.229641], [25.957856, 40.22309], [25.971853, 40.221137], [25.971853, 40.214342], [25.969249, 40.206], [25.967296, 40.193264], [25.96754, 40.180609], [25.971853, 40.172756], [25.963064, 40.157131], [25.972911, 40.153225], [25.990977, 40.157457], [26.00587, 40.166571], [26.012218, 40.166571]]], [[[27.657563, 40.653144], [27.67335, 40.65644], [27.702403, 40.653022], [27.727794, 40.642646], [27.732677, 40.62519], [27.714203, 40.614691], [27.676443, 40.610175], [27.657563, 40.605414], [27.624522, 40.583075], [27.604747, 40.576809], [27.58253, 40.584296], [27.571544, 40.584662], [27.551768, 40.591051], [27.535981, 40.601996], [27.53891, 40.623358], [27.532074, 40.630683], [27.526378, 40.639106], [27.531016, 40.650092], [27.538829, 40.656928], [27.545909, 40.660346], [27.551524, 40.657701], [27.554535, 40.646918], [27.579438, 40.65648], [27.605235, 40.663275], [27.631358, 40.663479], [27.657563, 40.653144]]], [[[27.645193, 40.459866], [27.653087, 40.460395], [27.656993, 40.457506], [27.656586, 40.449449], [27.645681, 40.447821], [27.631521, 40.453762], [27.614919, 40.456732], [27.596365, 40.457994], [27.582042, 40.465522], [27.579926, 40.476549], [27.590831, 40.483873], [27.599132, 40.496527], [27.60727, 40.505439], [27.640473, 40.494127], [27.6421, 40.48725], [27.636729, 40.478339], [27.635102, 40.466783], [27.645193, 40.459866]]]]}}, {"type": "Feature", "id": "QAT", "properties": {"name": "Qatar", "iso3": "QAT"}, "geometry": {"type": "Polygon", "coordinates": [[[50.807872, 24.746649], [50.826671, 24.748684], [50.852794, 24.770006], [50.85963, 24.7956], [50.851085, 24.890815], [50.842784, 24.916083], [50.799978, 24.988756], [50.796641, 25.003607], [50.807384, 25.031643], [50.809744, 25.051215], [50.808604, 25.069159], [50.802419, 25.076972], [50.775727, 25.091864], [50.768403, 25.1258], [50.766938, 25.162584], [50.757823, 25.186225], [50.764985, 25.204291], [50.763438, 25.225287], [50.759044, 25.247504], [50.757823, 25.269355], [50.765798, 25.323554], [50.765147, 25.344468], [50.750987, 25.419623], [50.762462, 25.462714], [50.763845, 25.482408], [50.750987, 25.494696], [50.778005, 25.527045], [50.797093, 25.529896], [50.808484, 25.517239], [50.811648, 25.498887], [50.820508, 25.491293], [50.820486, 25.471829], [50.847179, 25.467353], [50.831309, 25.507799], [50.827891, 25.525051], [50.826671, 25.543118], [50.828624, 25.554348], [50.832205, 25.566148], [50.832856, 25.578518], [50.826671, 25.590888], [50.818533, 25.595771], [50.79656, 25.599595], [50.785004, 25.60456], [50.796397, 25.617255], [50.809581, 25.620592], [50.823497, 25.622138], [50.836925, 25.628811], [50.84018, 25.634508], [50.846528, 25.649848], [50.850597, 25.652981], [50.857188, 25.650824], [50.863536, 25.641425], [50.870942, 25.639309], [50.87615, 25.631781], [50.874278, 25.614936], [50.867686, 25.587836], [50.867686, 25.567043], [50.868663, 25.559556], [50.87672, 25.540595], [50.881521, 25.535142], [50.888682, 25.529486], [50.898692, 25.532213], [50.900727, 25.534857], [50.900076, 25.53974], [50.904145, 25.563137], [50.904796, 25.587063], [50.90919, 25.597724], [50.920584, 25.608344], [50.927501, 25.60517], [50.93572, 25.598334], [50.949555, 25.597724], [50.955903, 25.604682], [50.9699, 25.633857], [50.97755, 25.646145], [50.94988, 25.636461], [50.924327, 25.63231], [50.903168, 25.640123], [50.888682, 25.666653], [50.887543, 25.680894], [50.894867, 25.728095], [50.897309, 25.732571], [50.906993, 25.739936], [50.90919, 25.745103], [50.90797, 25.749254], [50.902843, 25.755276], [50.901703, 25.759467], [50.901703, 25.789537], [50.915538, 25.786444], [50.920258, 25.794379], [50.923595, 25.805162], [50.932872, 25.810614], [50.939708, 25.807196], [50.945567, 25.798489], [50.949229, 25.787014], [50.949555, 25.775295], [50.963715, 25.783881], [50.972992, 25.797512], [50.975922, 25.813788], [50.970714, 25.830512], [50.963878, 25.823676], [50.949392, 25.837958], [50.951182, 25.85928], [50.977306, 25.916449], [50.981456, 25.935858], [50.984223, 25.98135], [50.992524, 25.975735], [50.995616, 25.972846], [50.998546, 25.967027], [51.004731, 25.967027], [51.027354, 26.026923], [51.047374, 26.053046], [51.075938, 26.06391], [51.091075, 26.066962], [51.133149, 26.082099], [51.141856, 26.087795], [51.147227, 26.103095], [51.170584, 26.124579], [51.176117, 26.139594], [51.194347, 26.133531], [51.214854, 26.13935], [51.251231, 26.160102], [51.33074, 26.121161], [51.346853, 26.104885], [51.348481, 26.085639], [51.346365, 26.060696], [51.347179, 26.039008], [51.357677, 26.029731], [51.376638, 26.022895], [51.382498, 26.006171], [51.383474, 25.985582], [51.388438, 25.967027], [51.403982, 25.954088], [51.416515, 25.952094], [51.424327, 25.950873], [51.46754, 25.954047], [51.491954, 25.95189], [51.511974, 25.946112], [51.52947, 25.937323], [51.546072, 25.926093], [51.559418, 25.913764], [51.570323, 25.898383], [51.577485, 25.880845], [51.594737, 25.771877], [51.594493, 25.758246], [51.591563, 25.746649], [51.583507, 25.741767], [51.577647, 25.745063], [51.572032, 25.759508], [51.563324, 25.762885], [51.555431, 25.758694], [51.54835, 25.748847], [51.544607, 25.737372], [51.546072, 25.728095], [51.555024, 25.720649], [51.56365, 25.721625], [51.570323, 25.727484], [51.573985, 25.734931], [51.590099, 25.7119], [51.576834, 25.688666], [51.556814, 25.681627], [51.552908, 25.707587], [51.539317, 25.703925], [51.505138, 25.687161], [51.519705, 25.681708], [51.534923, 25.673245], [51.54713, 25.663153], [51.552908, 25.652981], [51.54949, 25.631171], [51.535899, 25.622382], [51.518809, 25.61872], [51.505138, 25.612006], [51.498302, 25.615912], [51.491384, 25.618232], [51.493663, 25.565823], [51.491547, 25.550645], [51.491384, 25.549302], [51.48585, 25.540513], [51.47755, 25.531073], [51.471934, 25.521389], [51.474294, 25.512112], [51.510997, 25.454291], [51.516938, 25.440172], [51.518809, 25.426215], [51.515717, 25.382839], [51.511974, 25.330227], [51.513194, 25.308254], [51.518809, 25.297065], [51.531261, 25.292182], [51.590017, 25.283759], [51.599132, 25.274888], [51.607595, 25.255113], [51.611095, 25.237535], [51.614594, 25.219794], [51.616547, 25.137193], [51.605724, 25.034247], [51.611013, 25.022366], [51.602306, 25.013821], [51.586925, 24.953437], [51.574067, 24.934394], [51.539399, 24.898871], [51.528819, 24.874416], [51.520844, 24.870592], [51.511729, 24.867865], [51.505138, 24.864081], [51.500255, 24.855373], [51.474213, 24.764472], [51.47283, 24.759426], [51.46754, 24.748684], [51.455821, 24.740668], [51.450369, 24.721666], [51.443614, 24.679755], [51.430431, 24.664496], [51.389985, 24.642483], [51.381521, 24.635077], [51.37615, 24.611884], [51.363536, 24.59634], [51.349783, 24.583808], [51.340587, 24.569892], [51.328949, 24.584784], [51.332693, 24.598863], [51.341645, 24.614691], [51.346853, 24.635077], [51.339122, 24.646186], [51.321137, 24.648179], [51.285981, 24.645006], [51.284434, 24.662502], [51.278087, 24.662991], [51.267914, 24.656195], [51.254568, 24.651801], [51.23699, 24.650051], [51.220958, 24.644232], [51.212576, 24.633694], [51.214854, 24.627183], [51.215258, 24.62585], [51.147451, 24.576279], [51.095465, 24.560182], [51.038879, 24.559872], [50.978883, 24.567726], [50.928602, 24.587208], [50.881008, 24.636404], [50.807872, 24.746649]]]}}, {"type": "Feature", "id": "SAU", "properties": {"name": "Saudi Arabia", "iso3": "SAU"}, "geometry": {"type": "MultiPolygon", "coordinates": [[[[50.807872, 24.746649], [50.881008, 24.636404], [50.928602, 24.587208], [50.978883, 24.567726], [51.038879, 24.559872], [51.095465, 24.560182], [51.147451, 24.576279], [51.215258, 24.62585], [51.217621, 24.617662], [51.268809, 24.624498], [51.278168, 24.618883], [51.286388, 24.608385], [51.295177, 24.602607], [51.306407, 24.610826], [51.307465, 24.603095], [51.306326, 24.594062], [51.302419, 24.586615], [51.295909, 24.583564], [51.290294, 24.578518], [51.292247, 24.567816], [51.296886, 24.558092], [51.299571, 24.55622], [51.29656, 24.521918], [51.302419, 24.517157], [51.320079, 24.522691], [51.333669, 24.53205], [51.361095, 24.576117], [51.375173, 24.589097], [51.38795, 24.597073], [51.395844, 24.608344], [51.395274, 24.631334], [51.410004, 24.624335], [51.428396, 24.62287], [51.443858, 24.619696], [51.45045, 24.607408], [51.455333, 24.594184], [51.46754, 24.592353], [51.483084, 24.59219], [51.498302, 24.583564], [51.498302, 24.576117], [51.482107, 24.569241], [51.461436, 24.563463], [51.443696, 24.554755], [51.436209, 24.538804], [51.432302, 24.538764], [51.409516, 24.515855], [51.404796, 24.507758], [51.39975, 24.494574], [51.395274, 24.487942], [51.336192, 24.447943], [51.326915, 24.436103], [51.324229, 24.431301], [51.311371, 24.414862], [51.306407, 24.405992], [51.304373, 24.396186], [51.302257, 24.37401], [51.299571, 24.364447], [51.299083, 24.35871], [51.299978, 24.351996], [51.299653, 24.34634], [51.295909, 24.34394], [51.285167, 24.344468], [51.280447, 24.343573], [51.278575, 24.340522], [51.277843, 24.318996], [51.278819, 24.307766], [51.282237, 24.302965], [51.344981, 24.297797], [51.367849, 24.302965], [51.380138, 24.309963], [51.38852, 24.316555], [51.397797, 24.321519], [51.412852, 24.323472], [51.479015, 24.310858], [51.496918, 24.298285], [51.526134, 24.268256], [51.569347, 24.256171], [51.575539, 24.217722], [51.575229, 24.191935], [51.573162, 24.127831], [51.578536, 24.101837], [51.593522, 24.078325], [51.65047, 24.010603], [51.702559, 23.948591], [51.754753, 23.886553], [51.806842, 23.82449], [51.859036, 23.76253], [51.911229, 23.700518], [51.963422, 23.638558], [52.015512, 23.576495], [52.067705, 23.514483], [52.119795, 23.452523], [52.171988, 23.390486], [52.224078, 23.328422], [52.276271, 23.26641], [52.328309, 23.20445], [52.380503, 23.142413], [52.432644, 23.080375], [52.484837, 23.018338], [52.538477, 22.95475], [52.558476, 22.938575], [52.583074, 22.931108], [52.743788, 22.911342], [52.882797, 22.894237], [53.021807, 22.877132], [53.16092, 22.860053], [53.29993, 22.842974], [53.438939, 22.825869], [53.578052, 22.808764], [53.717062, 22.791685], [53.856071, 22.77458], [53.995288, 22.757449], [54.134297, 22.740319], [54.273307, 22.723265], [54.41242, 22.70616], [54.551326, 22.689004], [54.690336, 22.671951], [54.829449, 22.654897], [54.968562, 22.637741], [55.105297, 22.620946], [55.120387, 22.623426], [55.186843, 22.703577], [55.250405, 22.605495], [55.331123, 22.480593], [55.412049, 22.355691], [55.492767, 22.230789], [55.573589, 22.105939], [55.626713, 22.023773], [55.637048, 22.001914], [55.637565, 21.97897], [55.600171, 21.86606], [55.59519, 21.851019], [55.588575, 21.831227], [55.570075, 21.775416], [55.54124, 21.688651], [55.503826, 21.576152], [55.459591, 21.443033], [55.410188, 21.294464], [55.357478, 21.135559], [55.344624, 21.096909], [55.302908, 20.971486], [55.248338, 20.807413], [55.195525, 20.64856], [55.146225, 20.49999], [55.101887, 20.366846], [55.064473, 20.254269], [55.035741, 20.167556], [55.017137, 20.111745], [55.010523, 20.092005], [54.97838, 19.995421], [54.827898, 19.945269], [54.656746, 19.888193], [54.485594, 19.831194], [54.314648, 19.774195], [54.143496, 19.717144], [53.97224, 19.660119], [53.801088, 19.603068], [53.630039, 19.545992], [53.458886, 19.488992], [53.287837, 19.431942], [53.116582, 19.374917], [52.945533, 19.317866], [52.77438, 19.260789], [52.603125, 19.20379], [52.432127, 19.146739], [52.261078, 19.089689], [52.089926, 19.032638], [51.978615, 18.995638], [51.820692, 18.974373], [51.660495, 18.952824], [51.500298, 18.931249], [51.340101, 18.9097], [51.179904, 18.888151], [51.01981, 18.866576], [50.859717, 18.845027], [50.699365, 18.823529], [50.539323, 18.801903], [50.379126, 18.780353], [50.218929, 18.758856], [50.058732, 18.737255], [49.898535, 18.715706], [49.738442, 18.694157], [49.578245, 18.672608], [49.418048, 18.651059], [49.257851, 18.62951], [49.128815, 18.612095], [49.035849, 18.57972], [48.991304, 18.557886], [48.84754, 18.48771], [48.675974, 18.40402], [48.484358, 18.310408], [48.312585, 18.226589], [48.184428, 18.163931], [48.161949, 18.148919], [48.084382, 18.055902], [47.993587, 17.947588], [47.835509, 17.758194], [47.686267, 17.579652], [47.589012, 17.463276], [47.572114, 17.432322], [47.52483, 17.307575], [47.457961, 17.130893], [47.428569, 17.093104], [47.427575, 17.091826], [47.313577, 17.027902], [47.190897, 16.958914], [47.161338, 16.947442], [47.128782, 16.94305], [46.997026, 16.948514], [46.983003, 16.949096], [46.970342, 16.956847], [46.885799, 17.069554], [46.811799, 17.168462], [46.747203, 17.254762], [46.710099, 17.275381], [46.487891, 17.245977], [46.322629, 17.224066], [46.079957, 17.247992], [45.890821, 17.266647], [45.642309, 17.29109], [45.430384, 17.312019], [45.384702, 17.326489], [45.222128, 17.417388], [45.165387, 17.428395], [44.997336, 17.429532], [44.972466, 17.429696], [44.849024, 17.430513], [44.646453, 17.431805], [44.624645, 17.427206], [44.561962, 17.404468], [44.533798, 17.402867], [44.465172, 17.416457], [44.404142, 17.418731], [44.307352, 17.408964], [44.230561, 17.391859], [44.211544, 17.390619], [44.169376, 17.40235], [44.149015, 17.40483], [44.134288, 17.394702], [44.119663, 17.369949], [44.10447, 17.351965], [44.08535, 17.343439], [44.059357, 17.347056], [44.020961, 17.366021], [44.003908, 17.36783], [43.982307, 17.356823], [43.967114, 17.339563], [43.954299, 17.320029], [43.938692, 17.305198], [43.915128, 17.301839], [43.903294, 17.30432], [43.897351, 17.307368], [43.894044, 17.312174], [43.890065, 17.320184], [43.892649, 17.34008], [43.892649, 17.351035], [43.886706, 17.353671], [43.863245, 17.346953], [43.845778, 17.346177], [43.806194, 17.349588], [43.76878, 17.345506], [43.750642, 17.345661], [43.730643, 17.35243], [43.689302, 17.38385], [43.619539, 17.458832], [43.577061, 17.482965], [43.50337, 17.513454], [43.487144, 17.517485], [43.453141, 17.518777], [43.43495, 17.522859], [43.412885, 17.519965], [43.391025, 17.511955], [43.303072, 17.459039], [43.215946, 17.387209], [43.167887, 17.33052], [43.165044, 17.32592], [43.222199, 17.307834], [43.241836, 17.293416], [43.252171, 17.27197], [43.248605, 17.25192], [43.226178, 17.241274], [43.203337, 17.236313], [43.176878, 17.225513], [43.156156, 17.2097], [43.150058, 17.18996], [43.150988, 17.16686], [43.145304, 17.146551], [43.124323, 17.106967], [43.118432, 17.086245], [43.122463, 17.070122], [43.130318, 17.053482], [43.136002, 17.031416], [43.135899, 17.009609], [43.131558, 16.990437], [43.115435, 16.951835], [43.108717, 16.926978], [43.112644, 16.910028], [43.133728, 16.871013], [43.145821, 16.834477], [43.157345, 16.825382], [43.194448, 16.815461], [43.204732, 16.807709], [43.211502, 16.796857], [43.212845, 16.783886], [43.208608, 16.773396], [43.201063, 16.768125], [43.191864, 16.764249], [43.182873, 16.757996], [43.168507, 16.737222], [43.170677, 16.723476], [43.179772, 16.708232], [43.185679, 16.684847], [43.186077, 16.683272], [43.179979, 16.664617], [43.162926, 16.661516], [43.122773, 16.673299], [43.097762, 16.677794], [43.084946, 16.672575], [43.079985, 16.658829], [43.078641, 16.637694], [43.074611, 16.61878], [43.048772, 16.553461], [43.036267, 16.536304], [43.014666, 16.520698], [42.970948, 16.49579], [42.956272, 16.490726], [42.917411, 16.483801], [42.906766, 16.479357], [42.902942, 16.466283], [42.905629, 16.45109], [42.906766, 16.434915], [42.898187, 16.418896], [42.872452, 16.401636], [42.837312, 16.387218], [42.78948, 16.370958], [42.788097, 16.373684], [42.788259, 16.409857], [42.781261, 16.420233], [42.794932, 16.452826], [42.788259, 16.471869], [42.739757, 16.524563], [42.728689, 16.547187], [42.724946, 16.566352], [42.725922, 16.610175], [42.737641, 16.652818], [42.737315, 16.671129], [42.719249, 16.67536], [42.725922, 16.682807], [42.713878, 16.693671], [42.703868, 16.709052], [42.701508, 16.723334], [42.712413, 16.730618], [42.706309, 16.740627], [42.678233, 16.764716], [42.671886, 16.771918], [42.65919, 16.789984], [42.635753, 16.815172], [42.628917, 16.819892], [42.596934, 16.836819], [42.586925, 16.837958], [42.575857, 16.832343], [42.541759, 16.877997], [42.555675, 16.922065], [42.548513, 16.938137], [42.548595, 16.98725], [42.5442, 17.00434], [42.534516, 17.010321], [42.524913, 17.01496], [42.520681, 17.028225], [42.512706, 17.037014], [42.494477, 17.038398], [42.473969, 17.037258], [42.459727, 17.038479], [42.44752, 17.049018], [42.437511, 17.065131], [42.425059, 17.093085], [42.420584, 17.107733], [42.415538, 17.142035], [42.410818, 17.155748], [42.401703, 17.16352], [42.3567, 17.18244], [42.359223, 17.165188], [42.366466, 17.149319], [42.384044, 17.120998], [42.36378, 17.10871], [42.373871, 17.04328], [42.362966, 17.024807], [42.35727, 17.0456], [42.3567, 17.114163], [42.35255, 17.13467], [42.339122, 17.17357], [42.321625, 17.309272], [42.315196, 17.333238], [42.31072, 17.350979], [42.316661, 17.400824], [42.315196, 17.422065], [42.307872, 17.444322], [42.301524, 17.453599], [42.291677, 17.457424], [42.281423, 17.457913], [42.273611, 17.459947], [42.268565, 17.46483], [42.266775, 17.473578], [42.26059, 17.485053], [42.152843, 17.573798], [42.143809, 17.576606], [42.14088, 17.571194], [42.134044, 17.57982], [42.123302, 17.600775], [42.103526, 17.627509], [42.097667, 17.644355], [42.093516, 17.652086], [42.086192, 17.655422], [42.063487, 17.650865], [42.053233, 17.653225], [42.048839, 17.665676], [42.043793, 17.674302], [42.000499, 17.717475], [41.998709, 17.715481], [41.992442, 17.712714], [41.984874, 17.710639], [41.97934, 17.710639], [41.969737, 17.719794], [41.938975, 17.761868], [41.928722, 17.767157], [41.869477, 17.820502], [41.84783, 17.811957], [41.810395, 17.8369], [41.787608, 17.833564], [41.778331, 17.859809], [41.760753, 17.876532], [41.739268, 17.890692], [41.719249, 17.909247], [41.677257, 17.960598], [41.670909, 17.977525], [41.672374, 17.990139], [41.675304, 18.001288], [41.673676, 18.009263], [41.660899, 18.012356], [41.653575, 18.015326], [41.65211, 18.02265], [41.652599, 18.03144], [41.651052, 18.039008], [41.608897, 18.075181], [41.593516, 18.095893], [41.60255, 18.114691], [41.585134, 18.135403], [41.577973, 18.146389], [41.575206, 18.15941], [41.570811, 18.165188], [41.562022, 18.168158], [41.556407, 18.174302], [41.561046, 18.189846], [41.540701, 18.191881], [41.521332, 18.196682], [41.524181, 18.200995], [41.525727, 18.204291], [41.528087, 18.20718], [41.533702, 18.210354], [41.527517, 18.222317], [41.518565, 18.227973], [41.507172, 18.228258], [41.493337, 18.223944], [41.499766, 18.233344], [41.504649, 18.242987], [41.505626, 18.251776], [41.500173, 18.258734], [41.506358, 18.272203], [41.500499, 18.278998], [41.487641, 18.280829], [41.472179, 18.279202], [41.475352, 18.292873], [41.472016, 18.311957], [41.46461, 18.330959], [41.455414, 18.344062], [41.450857, 18.356024], [41.444672, 18.393988], [41.441905, 18.402086], [41.439708, 18.41059], [41.438162, 18.464179], [41.435802, 18.469957], [41.432953, 18.47427], [41.428396, 18.476874], [41.421072, 18.477769], [41.415782, 18.481513], [41.41391, 18.489976], [41.413341, 18.499335], [41.411469, 18.505764], [41.375255, 18.529486], [41.369802, 18.535834], [41.368175, 18.546291], [41.363292, 18.558661], [41.355724, 18.569037], [41.34018, 18.575629], [41.334321, 18.580552], [41.329845, 18.585435], [41.328298, 18.587633], [41.322113, 18.585639], [41.311697, 18.575344], [41.307791, 18.573432], [41.296886, 18.577338], [41.285818, 18.583808], [41.275401, 18.592027], [41.267345, 18.601304], [41.240571, 18.657945], [41.229259, 18.673326], [41.216563, 18.686347], [41.210216, 18.697943], [41.209239, 18.711615], [41.212169, 18.731024], [41.236013, 18.796617], [41.239513, 18.817043], [41.242524, 18.824897], [41.247813, 18.828437], [41.249034, 18.834174], [41.239513, 18.848334], [41.235362, 18.849107], [41.213227, 18.860419], [41.212169, 18.862006], [41.171235, 18.871649], [41.160899, 18.902981], [41.16033, 18.908881], [41.140961, 18.933295], [41.136485, 18.93651], [41.135753, 18.946926], [41.137218, 18.957709], [41.143321, 18.977484], [41.148204, 18.988471], [41.153087, 18.996039], [41.156749, 19.003852], [41.158865, 19.022162], [41.163748, 19.042955], [41.176524, 19.067369], [41.167817, 19.082221], [41.149425, 19.093736], [41.129649, 19.10163], [41.086436, 19.113593], [41.068614, 19.125393], [41.05836, 19.152981], [41.0442, 19.17414], [41.040212, 19.183539], [41.040701, 19.194648], [41.048188, 19.217719], [41.047537, 19.227444], [41.041677, 19.245754], [41.040212, 19.255845], [41.036143, 19.264553], [41.017833, 19.273993], [41.01352, 19.282864], [41.009125, 19.304023], [40.998302, 19.314927], [40.982921, 19.322699], [40.955903, 19.343329], [40.957693, 19.346422], [40.958995, 19.358588], [40.956716, 19.368638], [40.946951, 19.384182], [40.944672, 19.392727], [40.943126, 19.403306], [40.937673, 19.419379], [40.938324, 19.430569], [40.945079, 19.44066], [40.954356, 19.448676], [40.959239, 19.456], [40.952159, 19.464057], [40.9546, 19.474799], [40.952485, 19.485256], [40.946951, 19.49372], [40.944672, 19.505683], [40.859141, 19.534491], [40.83546, 19.546617], [40.784679, 19.59634], [40.760427, 19.60871], [40.760427, 19.614936], [40.771251, 19.613511], [40.794444, 19.601264], [40.800629, 19.642239], [40.798025, 19.692328], [40.790863, 19.714057], [40.744884, 19.777004], [40.725434, 19.789252], [40.674001, 19.794989], [40.654063, 19.794338], [40.64503, 19.784735], [40.656586, 19.759508], [40.641612, 19.771226], [40.628673, 19.792141], [40.620372, 19.812079], [40.619477, 19.82099], [40.605154, 19.829535], [40.564464, 19.885891], [40.533539, 19.903998], [40.527029, 19.910346], [40.528005, 19.917548], [40.540538, 19.943915], [40.534516, 19.961819], [40.522634, 19.97248], [40.492198, 19.984849], [40.4546, 20.006578], [40.445567, 20.009711], [40.436371, 20.023342], [40.427582, 20.026435], [40.418468, 20.031195], [40.393565, 20.064276], [40.385509, 20.068101], [40.36085, 20.07392], [40.352224, 20.074856], [40.333751, 20.079535], [40.313487, 20.090725], [40.267833, 20.125312], [40.232107, 20.16356], [40.23878, 20.178046], [40.221853, 20.189032], [40.195649, 20.19599], [40.164806, 20.200385], [40.158946, 20.20539], [40.149587, 20.218207], [40.133962, 20.231513], [40.125011, 20.241116], [40.125987, 20.245551], [40.115571, 20.251654], [40.083832, 20.279242], [40.067638, 20.286526], [40.045177, 20.286119], [40.020356, 20.28205], [40.000336, 20.275133], [39.991954, 20.266669], [39.968028, 20.275092], [39.925304, 20.299384], [39.903087, 20.308254], [39.904307, 20.295559], [39.910167, 20.288479], [39.918305, 20.283515], [39.926606, 20.276842], [39.931407, 20.274726], [39.941091, 20.268541], [39.947113, 20.262152], [39.940684, 20.259182], [39.923188, 20.263577], [39.825369, 20.320054], [39.81129, 20.331488], [39.798188, 20.337388], [39.778331, 20.342719], [39.760102, 20.350816], [39.74464, 20.381171], [39.727387, 20.396918], [39.673595, 20.436225], [39.646495, 20.461575], [39.587087, 20.552151], [39.567393, 20.567694], [39.567393, 20.575141], [39.577403, 20.57453], [39.585297, 20.575873], [39.591075, 20.580268], [39.594737, 20.588772], [39.579356, 20.591376], [39.566661, 20.598293], [39.543468, 20.619208], [39.536957, 20.630276], [39.531016, 20.659491], [39.526378, 20.670722], [39.492931, 20.706244], [39.489919, 20.722886], [39.506033, 20.746405], [39.471365, 20.757473], [39.45753, 20.759467], [39.459972, 20.751654], [39.46461, 20.746039], [39.470714, 20.742011], [39.477875, 20.738959], [39.458263, 20.744859], [39.43629, 20.756659], [39.423188, 20.771715], [39.430186, 20.787421], [39.420909, 20.791693], [39.416759, 20.797756], [39.417654, 20.805325], [39.42335, 20.814114], [39.427745, 20.806383], [39.435395, 20.800767], [39.445567, 20.796861], [39.45753, 20.794257], [39.452647, 20.806138], [39.451182, 20.811591], [39.450694, 20.817816], [39.448741, 20.827297], [39.444021, 20.827623], [39.437266, 20.825751], [39.430186, 20.828355], [39.416759, 20.846503], [39.411306, 20.846869], [39.409679, 20.828355], [39.388357, 20.841132], [39.359711, 20.862616], [39.339122, 20.887437], [39.340831, 20.910305], [39.344981, 20.905178], [39.35255, 20.898912], [39.35963, 20.896715], [39.361827, 20.90351], [39.358409, 20.915351], [39.352794, 20.919867], [39.34547, 20.922187], [39.337413, 20.927395], [39.32781, 20.93183], [39.317393, 20.930121], [39.306814, 20.926093], [39.29713, 20.923977], [39.296886, 20.927965], [39.268728, 20.968573], [39.26238, 20.983059], [39.259532, 20.999823], [39.258962, 21.023871], [39.255707, 21.032945], [39.242035, 21.041693], [39.239024, 21.05093], [39.237804, 21.062893], [39.23406, 21.067206], [39.22755, 21.069281], [39.185395, 21.097235], [39.174327, 21.108873], [39.167979, 21.136298], [39.158702, 21.155911], [39.156505, 21.167548], [39.158702, 21.172593], [39.168224, 21.185289], [39.170177, 21.191474], [39.163259, 21.205878], [39.125743, 21.260403], [39.11199, 21.268215], [39.08074, 21.315009], [39.159923, 21.379828], [39.171072, 21.40412], [39.172374, 21.436021], [39.164724, 21.464911], [39.149669, 21.480129], [39.149669, 21.485663], [39.160411, 21.494452], [39.158946, 21.507799], [39.142751, 21.54092], [39.130056, 21.519599], [39.119802, 21.516913], [39.110362, 21.528144], [39.101248, 21.548407], [39.108653, 21.554592], [39.092296, 21.576565], [39.088715, 21.605862], [39.09018, 21.63703], [39.088145, 21.664455], [39.077403, 21.691555], [39.079356, 21.706366], [39.098155, 21.712836], [39.103526, 21.718573], [39.108572, 21.732123], [39.10906, 21.747789], [39.101248, 21.759996], [39.093598, 21.739163], [39.08839, 21.730455], [39.08074, 21.725816], [39.066742, 21.725246], [39.063487, 21.730048], [39.063731, 21.737942], [39.060313, 21.746405], [39.053884, 21.751858], [39.04949, 21.754828], [39.045421, 21.758734], [39.040375, 21.766832], [39.037364, 21.776068], [39.035899, 21.792629], [39.03297, 21.800971], [39.031016, 21.801459], [39.019298, 21.807807], [39.017263, 21.811184], [39.014496, 21.818752], [39.012462, 21.822089], [38.978554, 21.862074], [38.949598, 21.921916], [38.931254, 22.006073], [38.932655, 22.025186], [38.959144, 22.034443], [38.986214, 22.002239], [39.005693, 22.002005], [39.01002, 22.024115], [39.01002, 22.043606], [39.012462, 22.054267], [39.016612, 22.058092], [39.03004, 22.067084], [39.03297, 22.072211], [39.035004, 22.091132], [39.044444, 22.130805], [39.046641, 22.151068], [39.040375, 22.151068], [39.026134, 22.116889], [39.019298, 22.131578], [39.022716, 22.142483], [39.029307, 22.153225], [39.03297, 22.167792], [39.03297, 22.208808], [39.040375, 22.235785], [39.073253, 22.271145], [39.083507, 22.313544], [39.090587, 22.323391], [39.09962, 22.331732], [39.108653, 22.342231], [39.122325, 22.370185], [39.139496, 22.386379], [39.142751, 22.390611], [39.142751, 22.403225], [39.13738, 22.4147], [39.127615, 22.42121], [39.114919, 22.418606], [39.108165, 22.408922], [39.101248, 22.380439], [39.0948, 22.370183], [39.070256, 22.365828], [39.069227, 22.39449], [39.082071, 22.436285], [39.07422, 22.490973], [39.081517, 22.546792], [39.073988, 22.574175], [39.066254, 22.587551], [39.038585, 22.622707], [39.012462, 22.678656], [38.993012, 22.708564], [38.985688, 22.72427], [38.988292, 22.736396], [39.014659, 22.758979], [39.013031, 22.766791], [38.965017, 22.816311], [38.945486, 22.831204], [38.936778, 22.826361], [38.94044, 22.820787], [38.958018, 22.803616], [38.964692, 22.794664], [38.967947, 22.784003], [38.969005, 22.77383], [38.971446, 22.763861], [38.978282, 22.75373], [38.970876, 22.746894], [38.957714, 22.774961], [38.929852, 22.815018], [38.902599, 22.843166], [38.851001, 22.929721], [38.851175, 22.943275], [38.880407, 22.928494], [38.912852, 22.861965], [38.930512, 22.856757], [38.941417, 22.850531], [38.95102, 22.851955], [38.958832, 22.859117], [38.964692, 22.870429], [38.954275, 22.881903], [38.937348, 22.912095], [38.926931, 22.918199], [38.919607, 22.921088], [38.911469, 22.928453], [38.905284, 22.938463], [38.902599, 22.949286], [38.893891, 22.965155], [38.873871, 22.972805], [38.851085, 22.977973], [38.834321, 22.986518], [38.81422, 22.982733], [38.799571, 22.998684], [38.779063, 23.041164], [38.790212, 23.051337], [38.798676, 23.064643], [38.804373, 23.07925], [38.806407, 23.093248], [38.803928, 23.121856], [38.799213, 23.137263], [38.79835, 23.149604], [38.78666, 23.154558], [38.777619, 23.139292], [38.765115, 23.161101], [38.747689, 23.182957], [38.729259, 23.216254], [38.711436, 23.235745], [38.703949, 23.257758], [38.691713, 23.27296], [38.688918, 23.28654], [38.680254, 23.303795], [38.680417, 23.318251], [38.672869, 23.348151], [38.659331, 23.37179], [38.646537, 23.400726], [38.64087, 23.440074], [38.637113, 23.468169], [38.631244, 23.490047], [38.628917, 23.50788], [38.612153, 23.524319], [38.604747, 23.535386], [38.601573, 23.551947], [38.600175, 23.568249], [38.577891, 23.556627], [38.568044, 23.562486], [38.559906, 23.562486], [38.560883, 23.545722], [38.570323, 23.536933], [38.59547, 23.528388], [38.59547, 23.52147], [38.562022, 23.524359], [38.540064, 23.543245], [38.539223, 23.591869], [38.494849, 23.644635], [38.471365, 23.713324], [38.464366, 23.73607], [38.459972, 23.76081], [38.452647, 23.784003], [38.437022, 23.802069], [38.427094, 23.806708], [38.41627, 23.808905], [38.399571, 23.814086], [38.390126, 23.824131], [38.385493, 23.838504], [38.377481, 23.856017], [38.365348, 23.870448], [38.348888, 23.87519], [38.332707, 23.879426], [38.319133, 23.886385], [38.309337, 23.893378], [38.299563, 23.910222], [38.283338, 23.9278], [38.275401, 23.933824], [38.258906, 23.944819], [38.238469, 23.950583], [38.22209, 23.952574], [38.198281, 23.967098], [38.185356, 23.975929], [38.165641, 23.992923], [38.146636, 24.014909], [38.126179, 24.029428], [38.109117, 24.043892], [38.079135, 24.070388], [38.071069, 24.07408], [38.062881, 24.076006], [38.053968, 24.072323], [38.045729, 24.06739], [38.023204, 24.08161], [38.007579, 24.093085], [37.966416, 24.117094], [37.935321, 24.139007], [37.941124, 24.150951], [37.958421, 24.162076], [37.983072, 24.165664], [37.97326, 24.174709], [37.958457, 24.170309], [37.93953, 24.161441], [37.9322, 24.174211], [37.943772, 24.191356], [37.94795, 24.207047], [37.937292, 24.21085], [37.93069, 24.203406], [37.918366, 24.201232], [37.912577, 24.191538], [37.918299, 24.186267], [37.921542, 24.177268], [37.923126, 24.164534], [37.923905, 24.155547], [37.918133, 24.149593], [37.89601, 24.157208], [37.865634, 24.149888], [37.82016, 24.181708], [37.806407, 24.193264], [37.767589, 24.221393], [37.758661, 24.241612], [37.745585, 24.249884], [37.728407, 24.257422], [37.710413, 24.266457], [37.695712, 24.279213], [37.676091, 24.291236], [37.652322, 24.290566], [37.640961, 24.291693], [37.625987, 24.28144], [37.622735, 24.268237], [37.628394, 24.24804], [37.585775, 24.246662], [37.575174, 24.261637], [37.545706, 24.274411], [37.52272, 24.267732], [37.500636, 24.2887], [37.48675, 24.311147], [37.464661, 24.339588], [37.429403, 24.367307], [37.417958, 24.400966], [37.427854, 24.421132], [37.435246, 24.418874], [37.454954, 24.406871], [37.463208, 24.422546], [37.456669, 24.441249], [37.31923, 24.624239], [37.25766, 24.702338], [37.228526, 24.737698], [37.227061, 24.765367], [37.230479, 24.772691], [37.231293, 24.78262], [37.230317, 24.792548], [37.227061, 24.799547], [37.219737, 24.802802], [37.206798, 24.791002], [37.1963, 24.789618], [37.178722, 24.799384], [37.165782, 24.815497], [37.148611, 24.85102], [37.174083, 24.850572], [37.196544, 24.847235], [37.218923, 24.846625], [37.244151, 24.854438], [37.256602, 24.871243], [37.258067, 24.92178], [37.279959, 24.964097], [37.277029, 24.98664], [37.257823, 25.028551], [37.251475, 25.052558], [37.257823, 25.111477], [37.256033, 25.134101], [37.250743, 25.155463], [37.242198, 25.175279], [37.230479, 25.193671], [37.211681, 25.21426], [37.200206, 25.224189], [37.189464, 25.231187], [37.180024, 25.239081], [37.170665, 25.257799], [37.162283, 25.265692], [37.142345, 25.279771], [37.122569, 25.299547], [37.105317, 25.32217], [37.093272, 25.344468], [37.090994, 25.354397], [37.088878, 25.376776], [37.086436, 25.385443], [37.079845, 25.394599], [37.064626, 25.409735], [37.059825, 25.419623], [37.077403, 25.431057], [37.062673, 25.453681], [37.01824, 25.494696], [37.01059, 25.507392], [36.994477, 25.549954], [36.989268, 25.556952], [36.975597, 25.565131], [36.970388, 25.570461], [36.969005, 25.576158], [36.969981, 25.588568], [36.96697, 25.594306], [36.958263, 25.60635], [36.944102, 25.635199], [36.93629, 25.646145], [36.923513, 25.654771], [36.894298, 25.665595], [36.881602, 25.672838], [36.842296, 25.729804], [36.817393, 25.757961], [36.795665, 25.759467], [36.793712, 25.748277], [36.800466, 25.736721], [36.803966, 25.726793], [36.792247, 25.720608], [36.779552, 25.724066], [36.748871, 25.743883], [36.733897, 25.748521], [36.724946, 25.753892], [36.702322, 25.779975], [36.696056, 25.789537], [36.694835, 25.7956], [36.696056, 25.817125], [36.693858, 25.822903], [36.681814, 25.825588], [36.675629, 25.830512], [36.663422, 25.855658], [36.66212, 25.879096], [36.671641, 25.901435], [36.692638, 25.923285], [36.705821, 25.943752], [36.709483, 25.971137], [36.705577, 25.999335], [36.696056, 26.022284], [36.672374, 26.045233], [36.640636, 26.060207], [36.605642, 26.068264], [36.57252, 26.070705], [36.536632, 26.082424], [36.512706, 26.110989], [36.449229, 26.246894], [36.42628, 26.281806], [36.382823, 26.33454], [36.30893, 26.498236], [36.229828, 26.625556], [36.18214, 26.680243], [36.124197, 26.726752], [36.097667, 26.753974], [36.081879, 26.797268], [36.051768, 26.844672], [36.031993, 26.906806], [36.013927, 26.90233], [36.000255, 26.91352], [35.976736, 26.94774], [35.911876, 26.999579], [35.831716, 27.092719], [35.803071, 27.142076], [35.799815, 27.150092], [35.798595, 27.15998], [35.800792, 27.168158], [35.810557, 27.18244], [35.812836, 27.191067], [35.807953, 27.20307], [35.784028, 27.2355], [35.699962, 27.324774], [35.652599, 27.353827], [35.640391, 27.363471], [35.61671, 27.389635], [35.589854, 27.4289], [35.559581, 27.455634], [35.521495, 27.518459], [35.510509, 27.544176], [35.506847, 27.564439], [35.506196, 27.600531], [35.500255, 27.61933], [35.491954, 27.632392], [35.458995, 27.663398], [35.440766, 27.690253], [35.41505, 27.75137], [35.394379, 27.777004], [35.384939, 27.78262], [35.364757, 27.7897], [35.356944, 27.794379], [35.351329, 27.801418], [35.346853, 27.815009], [35.336762, 27.833686], [35.332367, 27.862209], [35.322765, 27.876288], [35.271007, 27.927802], [35.255219, 27.952786], [35.245616, 27.962348], [35.229991, 27.968736], [35.181488, 28.002916], [35.181488, 27.996039], [35.174653, 27.996039], [35.163585, 28.009345], [35.176524, 28.019477], [35.199067, 28.028225], [35.216319, 28.037665], [35.226899, 28.033149], [35.225841, 28.038764], [35.216319, 28.054389], [35.210297, 28.056586], [35.182628, 28.061916], [35.174653, 28.065009], [35.167817, 28.065009], [35.167817, 28.058173], [35.161794, 28.058173], [35.157725, 28.064358], [35.151866, 28.071031], [35.144786, 28.076402], [35.137218, 28.078599], [35.119395, 28.077948], [35.110362, 28.078925], [35.098643, 28.089748], [35.051931, 28.119574], [35.042003, 28.113023], [35.030284, 28.113471], [35.019705, 28.113471], [35.022472, 28.107856], [35.026215, 28.102973], [35.030772, 28.099107], [35.020681, 28.103746], [35.009532, 28.110541], [34.997895, 28.114203], [34.986013, 28.10932], [34.975841, 28.10342], [34.945486, 28.095364], [34.937266, 28.091254], [34.931326, 28.086005], [34.927745, 28.078599], [34.920909, 28.078599], [34.920909, 28.085435], [34.914073, 28.085435], [34.90089, 28.082261], [34.880626, 28.085639], [34.860199, 28.085395], [34.846446, 28.071194], [34.843761, 28.076321], [34.842947, 28.076402], [34.838878, 28.078599], [34.838878, 28.085435], [34.846446, 28.085435], [34.846446, 28.092922], [34.842621, 28.09984], [34.847667, 28.105536], [34.856944, 28.109849], [34.866222, 28.112779], [34.8567, 28.116441], [34.847016, 28.117621], [34.836762, 28.116278], [34.825369, 28.112779], [34.825369, 28.105902], [34.832774, 28.105902], [34.832774, 28.099107], [34.821625, 28.095771], [34.814301, 28.088935], [34.804861, 28.071194], [34.801768, 28.075385], [34.798676, 28.076809], [34.795258, 28.077297], [34.791759, 28.078599], [34.795746, 28.084621], [34.801606, 28.090399], [34.809418, 28.095404], [34.819102, 28.099107], [34.818533, 28.102932], [34.81837, 28.107123], [34.819102, 28.112779], [34.804942, 28.113349], [34.793712, 28.11107], [34.786469, 28.104722], [34.784434, 28.092922], [34.778982, 28.095771], [34.777354, 28.096177], [34.77589, 28.094957], [34.770763, 28.092922], [34.770356, 28.096137], [34.770844, 28.102729], [34.770763, 28.105902], [34.764985, 28.105902], [34.764985, 28.099107], [34.757009, 28.099107], [34.751964, 28.107611], [34.747325, 28.112006], [34.742442, 28.111558], [34.736583, 28.105902], [34.727387, 28.112128], [34.725108, 28.115058], [34.718923, 28.123033], [34.715343, 28.127631], [34.709239, 28.140082], [34.706309, 28.1376], [34.702485, 28.134996], [34.698497, 28.131537], [34.694998, 28.126451], [34.681977, 28.135159], [34.678396, 28.130764], [34.677745, 28.120795], [34.674571, 28.112779], [34.667003, 28.10871], [34.653575, 28.103583], [34.647146, 28.099107], [34.647146, 28.092922], [34.668305, 28.078599], [34.668305, 28.071194], [34.661794, 28.070787], [34.658946, 28.069159], [34.657481, 28.066962], [34.655284, 28.065009], [34.647146, 28.071194], [34.642345, 28.054592], [34.641449, 28.041693], [34.63502, 28.033271], [34.613048, 28.030219], [34.614757, 28.03498], [34.615733, 28.035712], [34.617361, 28.035468], [34.620453, 28.037665], [34.613048, 28.044501], [34.608653, 28.058824], [34.6067, 28.071845], [34.606212, 28.096015], [34.598888, 28.103258], [34.574392, 28.094062], [34.578868, 28.105902], [34.572765, 28.112779], [34.587413, 28.131822], [34.596934, 28.138902], [34.605642, 28.142564], [34.606212, 28.147528], [34.612478, 28.150336], [34.620942, 28.157375], [34.62672, 28.160549], [34.620453, 28.167385], [34.623383, 28.172675], [34.627126, 28.176663], [34.632498, 28.179389], [34.64031, 28.181057], [34.64031, 28.176418], [34.638031, 28.175442], [34.635265, 28.175727], [34.633474, 28.174872], [34.643403, 28.170233], [34.651703, 28.167792], [34.657725, 28.170559], [34.660899, 28.181057], [34.655284, 28.181057], [34.655284, 28.187893], [34.648123, 28.194241], [34.649587, 28.200873], [34.657237, 28.206285], [34.668305, 28.20897], [34.668305, 28.215766], [34.664887, 28.224514], [34.674571, 28.270453], [34.678396, 28.268459], [34.685313, 28.265937], [34.688731, 28.263617], [34.688243, 28.266791], [34.688731, 28.277289], [34.682953, 28.27383], [34.680431, 28.271674], [34.674571, 28.277248], [34.694672, 28.29442], [34.715017, 28.32746], [34.730479, 28.363593], [34.741059, 28.41059], [34.76059, 28.436591], [34.767914, 28.466457], [34.775076, 28.483344], [34.803775, 28.527133], [34.796173, 28.572185], [34.793432, 28.619434], [34.77847, 28.6645], [34.796886, 28.725816], [34.809825, 28.757961], [34.825369, 28.784369], [34.825369, 28.790595], [34.819102, 28.790595], [34.836111, 28.816474], [34.838552, 28.828559], [34.832774, 28.839586], [34.832774, 28.845852], [34.844086, 28.87641], [34.84197, 28.889635], [34.825369, 28.894232], [34.825369, 28.900377], [34.840099, 28.922431], [34.856293, 28.963813], [34.86378, 29.006252], [34.85255, 29.031399], [34.85255, 29.045071], [34.864024, 29.063666], [34.873546, 29.085273], [34.893565, 29.17475], [34.898204, 29.18773], [34.909353, 29.21015], [34.907888, 29.216376], [34.909353, 29.230658], [34.918956, 29.239081], [34.942068, 29.250474], [34.935232, 29.267279], [34.932628, 29.289252], [34.936371, 29.30386], [34.94809, 29.298285], [34.949229, 29.3015], [34.949392, 29.304267], [34.950694, 29.305732], [34.955577, 29.305121], [34.948009, 29.319973], [34.945323, 29.3369], [34.949385, 29.351686], [35.060319, 29.334696], [35.179072, 29.316661], [35.334618, 29.293148], [35.473628, 29.272065], [35.622042, 29.249689], [35.740251, 29.231731], [35.797225, 29.223075], [35.912464, 29.205686], [36.016437, 29.189951], [36.043825, 29.190881], [36.069457, 29.200028], [36.177977, 29.278369], [36.283707, 29.35485], [36.399979, 29.438902], [36.477081, 29.494609], [36.541263, 29.589409], [36.603584, 29.681471], [36.649576, 29.7494], [36.70487, 29.831152], [36.728745, 29.853528], [36.756237, 29.865517], [36.84295, 29.881226], [36.931936, 29.897246], [37.075804, 29.923291], [37.218534, 29.949129], [37.352376, 29.973314], [37.470198, 29.994553], [37.491696, 30.011193], [37.536137, 30.105295], [37.56921, 30.174955], [37.605177, 30.250713], [37.634529, 30.312776], [37.647552, 30.330863], [37.670703, 30.347606], [37.779327, 30.400419], [37.900146, 30.459072], [37.97332, 30.494522], [37.980038, 30.498088], [37.980968, 30.498398], [37.981381, 30.498811], [37.981071, 30.499483], [37.931565, 30.549661], [37.821908, 30.660869], [37.712044, 30.772025], [37.602283, 30.883232], [37.492626, 30.994492], [37.489422, 30.997696], [37.486321, 31.0009], [37.483117, 31.004103], [37.480017, 31.007256], [37.349895, 31.12823], [37.221722, 31.247292], [37.219774, 31.249101], [37.089653, 31.370076], [36.959532, 31.490999], [36.997912, 31.500814], [37.207269, 31.554354], [37.455005, 31.617709], [37.702742, 31.681116], [37.761412, 31.69612], [37.950479, 31.744472], [37.986522, 31.753358], [38.175375, 31.799921], [38.400167, 31.855369], [38.624856, 31.91087], [38.849752, 31.966319], [38.963337, 31.994379], [38.96344, 31.994327], [38.96344, 31.994482], [38.998064, 32.006936], [39.116816, 32.102899], [39.136246, 32.115353], [39.146375, 32.118144], [39.149269, 32.118919], [39.152163, 32.119746], [39.154953, 32.120573], [39.157744, 32.121348], [39.355561, 32.092564], [39.553275, 32.063729], [39.750989, 32.034893], [39.9486, 32.00611], [40.028802, 31.994482], [40.029008, 31.994482], [40.029112, 31.994431], [40.029318, 31.994379], [40.37028, 31.938465], [40.424126, 31.920533], [40.479834, 31.892835], [40.58267, 31.840435], [40.670313, 31.795683], [40.758163, 31.751086], [40.845909, 31.706335], [40.933553, 31.661634], [41.021299, 31.616934], [41.109046, 31.572286], [41.196689, 31.527586], [41.284539, 31.482834], [41.372182, 31.438134], [41.459825, 31.393434], [41.547572, 31.348734], [41.635422, 31.304034], [41.723065, 31.259385], [41.810708, 31.214685], [41.898558, 31.169985], [41.986202, 31.125285], [42.075395, 31.079861], [42.141644, 31.030407], [42.22629, 30.967465], [42.31073, 30.904523], [42.395169, 30.841581], [42.479712, 30.778639], [42.574486, 30.707636], [42.669157, 30.636684], [42.763932, 30.565629], [42.783413, 30.551045], [42.858707, 30.494677], [42.85881, 30.494626], [42.858913, 30.494574], [42.859017, 30.494522], [42.964747, 30.420005], [43.052907, 30.357786], [43.140963, 30.295671], [43.229071, 30.233505], [43.317231, 30.171338], [43.431746, 30.090568], [43.546365, 30.009797], [43.660983, 29.929027], [43.775498, 29.848205], [43.824013, 29.81398], [43.890065, 29.767383], [44.004631, 29.686613], [44.119146, 29.605817], [44.233661, 29.524995], [44.328953, 29.45779], [44.424296, 29.390533], [44.519742, 29.323328], [44.614878, 29.256071], [44.691825, 29.201836], [44.698232, 29.199718], [44.70464, 29.197495], [44.710893, 29.195273], [44.717456, 29.193103], [44.808923, 29.185894], [44.888712, 29.179512], [44.968293, 29.173259], [45.047824, 29.166903], [45.127457, 29.160624], [45.229983, 29.152459], [45.332406, 29.144372], [45.434932, 29.136207], [45.537406, 29.12812], [45.63988, 29.120032], [45.742406, 29.111868], [45.844932, 29.103754], [45.947355, 29.095641], [46.02363, 29.089595], [46.099697, 29.083575], [46.17592, 29.077477], [46.252143, 29.071457], [46.357459, 29.063137], [46.401178, 29.071276], [46.427322, 29.076143], [46.444896, 29.079415], [46.488614, 29.08758], [46.532436, 29.095745], [46.64416, 29.083626], [46.755781, 29.071534], [46.867351, 29.059416], [46.97923, 29.04722], [47.078759, 29.035748], [47.178391, 29.024224], [47.278023, 29.012701], [47.377552, 29.001202], [47.433363, 28.994717], [47.433466, 28.994717], [47.433983, 28.994614], [47.434086, 28.994588], [47.446323, 28.976243], [47.494496, 28.904025], [47.549945, 28.770596], [47.554596, 28.745378], [47.55842, 28.69148], [47.568031, 28.660991], [47.581674, 28.631483], [47.596815, 28.608823], [47.618158, 28.591486], [47.641102, 28.577249], [47.659809, 28.560041], [47.668129, 28.533505], [47.721821, 28.53397], [47.899587, 28.535624], [48.077406, 28.537277], [48.255225, 28.538879], [48.432781, 28.54048], [48.456391, 28.518459], [48.468761, 28.510647], [48.49464, 28.500149], [48.498546, 28.492906], [48.50766, 28.449164], [48.507823, 28.415717], [48.499034, 28.393378], [48.476085, 28.400784], [48.471202, 28.394192], [48.469981, 28.391303], [48.468761, 28.387112], [48.488292, 28.385891], [48.504893, 28.389635], [48.517345, 28.398993], [48.523936, 28.414455], [48.535492, 28.40762], [48.534923, 28.398668], [48.523936, 28.380316], [48.517833, 28.354193], [48.5171, 28.342434], [48.522227, 28.318834], [48.534923, 28.298814], [48.618419, 28.217271], [48.623546, 28.205268], [48.609141, 28.186103], [48.601736, 28.167385], [48.600841, 28.147773], [48.606456, 28.126451], [48.616466, 28.110541], [48.648123, 28.071967], [48.654796, 28.061591], [48.653331, 28.049872], [48.65211, 28.046088], [48.667817, 28.037665], [48.701996, 28.023993], [48.712901, 28.022895], [48.747081, 28.023993], [48.75587, 28.021715], [48.77589, 28.011949], [48.787934, 28.009711], [48.792003, 28.007025], [48.791515, 28.0008], [48.788259, 27.993883], [48.784516, 27.989244], [48.778087, 27.98664], [48.771332, 27.987006], [48.764008, 27.989244], [48.746837, 27.981635], [48.742361, 27.975246], [48.743663, 27.96133], [48.753266, 27.947984], [48.773285, 27.929755], [48.796235, 27.913642], [48.814708, 27.906684], [48.815196, 27.902248], [48.837657, 27.872301], [48.87794, 27.836819], [48.88266, 27.826728], [48.87379, 27.806586], [48.872569, 27.793891], [48.873383, 27.782131], [48.87672, 27.777004], [48.874522, 27.769924], [48.865489, 27.754055], [48.852794, 27.737494], [48.839203, 27.728583], [48.846202, 27.740302], [48.847667, 27.748725], [48.84547, 27.773261], [48.848481, 27.787299], [48.854259, 27.795356], [48.857595, 27.803534], [48.852875, 27.817939], [48.838064, 27.804023], [48.821788, 27.766832], [48.805024, 27.756496], [48.823416, 27.799628], [48.825531, 27.811103], [48.820567, 27.830024], [48.812511, 27.828599], [48.804047, 27.815009], [48.785167, 27.744696], [48.784516, 27.728583], [48.782237, 27.726142], [48.778819, 27.71955], [48.78004, 27.714097], [48.791352, 27.714911], [48.796886, 27.719713], [48.803966, 27.736477], [48.81129, 27.742825], [48.81129, 27.698188], [48.815278, 27.687567], [48.824555, 27.688951], [48.833995, 27.697455], [48.839203, 27.708075], [48.846202, 27.697089], [48.847341, 27.683824], [48.84547, 27.667141], [48.858084, 27.662828], [48.867686, 27.667792], [48.875011, 27.677476], [48.880138, 27.687567], [48.880544, 27.670315], [48.878429, 27.664211], [48.873302, 27.659654], [48.878184, 27.65058], [48.877126, 27.644477], [48.870616, 27.641181], [48.85963, 27.640448], [48.869802, 27.618557], [48.873302, 27.612494], [48.848969, 27.623358], [48.838878, 27.623196], [48.831798, 27.612494], [48.852794, 27.604641], [48.870779, 27.605618], [48.884776, 27.615058], [48.893809, 27.632961], [48.900645, 27.632961], [48.907481, 27.61872], [48.895274, 27.607733], [48.891124, 27.588121], [48.896739, 27.572008], [48.914317, 27.571519], [48.921641, 27.578843], [48.917247, 27.585842], [48.909516, 27.592678], [48.907481, 27.599433], [48.915294, 27.608629], [48.926036, 27.613837], [48.949067, 27.61872], [48.968516, 27.620347], [48.9817, 27.614569], [49.017345, 27.585191], [49.05421, 27.568264], [49.063975, 27.556342], [49.044688, 27.544176], [49.05893, 27.538153], [49.071625, 27.539496], [49.077647, 27.546536], [49.072032, 27.557847], [49.088878, 27.551093], [49.106293, 27.546861], [49.144298, 27.544176], [49.15268, 27.546332], [49.170421, 27.555732], [49.178477, 27.557847], [49.188975, 27.556708], [49.208751, 27.551581], [49.219574, 27.550442], [49.239757, 27.545111], [49.255138, 27.532375], [49.278087, 27.503241], [49.28533, 27.497626], [49.292491, 27.494127], [49.299083, 27.489895], [49.305349, 27.482123], [49.307872, 27.474514], [49.309825, 27.456692], [49.312755, 27.448635], [49.300141, 27.448065], [49.292654, 27.452948], [49.289887, 27.462348], [49.291759, 27.475328], [49.284923, 27.475328], [49.263927, 27.452867], [49.208832, 27.458075], [49.18922, 27.441148], [49.181895, 27.441148], [49.175059, 27.458319], [49.157725, 27.458482], [49.119802, 27.441148], [49.128103, 27.436916], [49.150076, 27.431342], [49.161388, 27.426907], [49.170258, 27.421047], [49.176117, 27.415839], [49.183116, 27.411119], [49.195486, 27.40644], [49.201996, 27.398668], [49.207042, 27.395168], [49.212576, 27.396796], [49.229503, 27.411811], [49.229666, 27.413886], [49.235037, 27.418158], [49.237315, 27.423977], [49.240245, 27.427191], [49.246918, 27.423774], [49.254568, 27.417792], [49.263845, 27.413886], [49.256847, 27.400051], [49.247325, 27.393134], [49.237478, 27.388129], [49.229666, 27.379706], [49.226736, 27.36872], [49.226085, 27.34276], [49.223399, 27.331285], [49.23406, 27.333889], [49.245779, 27.339423], [49.257335, 27.34691], [49.267426, 27.355211], [49.278819, 27.358791], [49.292166, 27.355455], [49.312755, 27.344957], [49.304861, 27.325507], [49.307872, 27.306301], [49.315115, 27.286811], [49.319021, 27.266425], [49.317068, 27.2237], [49.322602, 27.205715], [49.339529, 27.207831], [49.33839, 27.189602], [49.345225, 27.182807], [49.355968, 27.185004], [49.366873, 27.194159], [49.361827, 27.209133], [49.37086, 27.218736], [49.386404, 27.219631], [49.40089, 27.207831], [49.407074, 27.215277], [49.412364, 27.204006], [49.409434, 27.193915], [49.403982, 27.183295], [49.40089, 27.170233], [49.397472, 27.162584], [49.388845, 27.159329], [49.377696, 27.159166], [49.366873, 27.160631], [49.374848, 27.149075], [49.399099, 27.144721], [49.407074, 27.132717], [49.417166, 27.138129], [49.423595, 27.14647], [49.435069, 27.166815], [49.435883, 27.16234], [49.436778, 27.16177], [49.438487, 27.162055], [49.441905, 27.160631], [49.431895, 27.142768], [49.440196, 27.139797], [49.465668, 27.146959], [49.481293, 27.144436], [49.508311, 27.133979], [49.524425, 27.132717], [49.497325, 27.159084], [49.489106, 27.17475], [49.50408, 27.187934], [49.516449, 27.188381], [49.526134, 27.182807], [49.534923, 27.176174], [49.544932, 27.173651], [49.552745, 27.176744], [49.572113, 27.194159], [49.568614, 27.17829], [49.559418, 27.153998], [49.558604, 27.139553], [49.564626, 27.116685], [49.570079, 27.104071], [49.575531, 27.098578], [49.594249, 27.090725], [49.612478, 27.071967], [49.670177, 26.990912], [49.699474, 26.958238], [49.708263, 26.952135], [49.736664, 26.940904], [49.74586, 26.934272], [49.760509, 26.92064], [49.770844, 26.91356], [49.833018, 26.888007], [49.871837, 26.862494], [49.894054, 26.860297], [49.917247, 26.861477], [49.942149, 26.858344], [49.972992, 26.842353], [50.001964, 26.816962], [50.052013, 26.755927], [50.069102, 26.728583], [50.141938, 26.681342], [50.158458, 26.664862], [50.161876, 26.639228], [50.11671, 26.67536], [50.09254, 26.689114], [50.037852, 26.695217], [50.023692, 26.69953], [50.014008, 26.710761], [50.006358, 26.747626], [49.997569, 26.74136], [49.988455, 26.724433], [49.983735, 26.708197], [49.982921, 26.695705], [49.983246, 26.683743], [49.986501, 26.672756], [49.993663, 26.663153], [50.003673, 26.653632], [50.006358, 26.648586], [50.002208, 26.587388], [50.003673, 26.570705], [50.03061, 26.494615], [50.04184, 26.478461], [50.058279, 26.463935], [50.076508, 26.453762], [50.162283, 26.427069], [50.19158, 26.403551], [50.209239, 26.369534], [50.216563, 26.32392], [50.215994, 26.215074], [50.21225, 26.191311], [50.201996, 26.171373], [50.182384, 26.160102], [50.181895, 26.175482], [50.174083, 26.180732], [50.163422, 26.177232], [50.154552, 26.166246], [50.160981, 26.141099], [50.158376, 26.102484], [50.150401, 26.063218], [50.141368, 26.035956], [50.125824, 26.046454], [50.12143, 26.060736], [50.121837, 26.076483], [50.120291, 26.091213], [50.113292, 26.103258], [50.10434, 26.111233], [50.0949, 26.117621], [50.086762, 26.125312], [50.081309, 26.129096], [50.076671, 26.129096], [50.073578, 26.131537], [50.071625, 26.159247], [50.069591, 26.165961], [50.065684, 26.173733], [50.057872, 26.18358], [50.045665, 26.194525], [50.0324, 26.201077], [50.021007, 26.197659], [49.994884, 26.152167], [49.986827, 26.145819], [49.975841, 26.139594], [49.980968, 26.126125], [49.991547, 26.113105], [49.997325, 26.108222], [49.999522, 26.100898], [50.0088, 26.086493], [50.010427, 26.07689], [50.007091, 26.074408], [50.000173, 26.07217], [49.993175, 26.068061], [49.990001, 26.060452], [49.992361, 26.045885], [49.996104, 26.031724], [49.996918, 26.017279], [49.990001, 26.001776], [50.006847, 25.996527], [50.021007, 26.004462], [50.028168, 26.019477], [50.024099, 26.035956], [50.033702, 26.033352], [50.040538, 26.028266], [50.052013, 26.015448], [50.057384, 26.01317], [50.061697, 26.014146], [50.064626, 26.013373], [50.065684, 26.00552], [50.065766, 25.999457], [50.066905, 25.996283], [50.069835, 25.995103], [50.075938, 25.995022], [50.101329, 25.989488], [50.111501, 25.97602], [50.11671, 25.958238], [50.127696, 25.940375], [50.127696, 25.933539], [50.107758, 25.91474], [50.118337, 25.867865], [50.141938, 25.816107], [50.161876, 25.782701], [50.222016, 25.717353], [50.247244, 25.679429], [50.257498, 25.631903], [50.251231, 25.631903], [50.233735, 25.679511], [50.226736, 25.687161], [50.21461, 25.689643], [50.199962, 25.695868], [50.187511, 25.703559], [50.174978, 25.720445], [50.15919, 25.731757], [50.144705, 25.733344], [50.141368, 25.713813], [50.148692, 25.699856], [50.174327, 25.68301], [50.182384, 25.672838], [50.187673, 25.682929], [50.18922, 25.687161], [50.196056, 25.687161], [50.23406, 25.61518], [50.347992, 25.482123], [50.374278, 25.461168], [50.371349, 25.474514], [50.364757, 25.490058], [50.36199, 25.502997], [50.370779, 25.508368], [50.381358, 25.512885], [50.385916, 25.510647], [50.389985, 25.488674], [50.39503, 25.483303], [50.399913, 25.480373], [50.40211, 25.477973], [50.410167, 25.464097], [50.428722, 25.456204], [50.462901, 25.446926], [50.471528, 25.437201], [50.490896, 25.392279], [50.483409, 25.385443], [50.495616, 25.370063], [50.509125, 25.343573], [50.520356, 25.314765], [50.525076, 25.29267], [50.523936, 25.280219], [50.518728, 25.258002], [50.517589, 25.244859], [50.519786, 25.232123], [50.524425, 25.22309], [50.529063, 25.216295], [50.534679, 25.199042], [50.549083, 25.174791], [50.551606, 25.159491], [50.545421, 25.118598], [50.553477, 25.077948], [50.562185, 25.054836], [50.572765, 25.042873], [50.580414, 25.062161], [50.606293, 25.042711], [50.633474, 25.01142], [50.644786, 24.995063], [50.661632, 24.979967], [50.681407, 24.913886], [50.706554, 24.898871], [50.72641, 24.881659], [50.735037, 24.843411], [50.737315, 24.782172], [50.741466, 24.770575], [50.750011, 24.753119], [50.76059, 24.736396], [50.771332, 24.726955], [50.786143, 24.72724], [50.807872, 24.746649]]], [[[42.186438, 16.705528], [42.186307, 16.691396], [42.183461, 16.673434], [42.176556, 16.651644], [42.179085, 16.634912], [42.188199, 16.605264], [42.178233, 16.58511], [42.178559, 16.583482], [42.155836, 16.584977], [42.127975, 16.617357], [42.105253, 16.625257], [42.083815, 16.626718], [42.07317, 16.635801], [42.101428, 16.647138], [42.117633, 16.659855], [42.111114, 16.68047], [42.085753, 16.693525], [42.060242, 16.689878], [42.030721, 16.687541], [42.01056, 16.682557], [41.991694, 16.672419], [41.975532, 16.663553], [41.955457, 16.670115], [41.932834, 16.690845], [41.916863, 16.705099], [41.894087, 16.710394], [41.867396, 16.728569], [41.843368, 16.74672], [41.831421, 16.767354], [41.824941, 16.798237], [41.807561, 16.80992], [41.790089, 16.810037], [41.778168, 16.81269], [41.780772, 16.819322], [41.77956, 16.840952], [41.764899, 16.859044], [41.755614, 16.878387], [41.757085, 16.896372], [41.771857, 16.892414], [41.777182, 16.884666], [41.789218, 16.875586], [41.828084, 16.858608], [41.849424, 16.83533], [41.86006, 16.821122], [41.863916, 16.796687], [41.863292, 16.785142], [41.881137, 16.765738], [41.898467, 16.751484], [41.905143, 16.747581], [41.941391, 16.751169], [41.953321, 16.733098], [41.973427, 16.731661], [41.9936, 16.737931], [42.011048, 16.73908], [42.02302, 16.727427], [42.022921, 16.715867], [42.03499, 16.715773], [42.064606, 16.728382], [42.036488, 16.733744], [42.021739, 16.755805], [42.033865, 16.77383], [42.041352, 16.802314], [42.047862, 16.812079], [42.062185, 16.814195], [42.068533, 16.811754], [42.076508, 16.808661], [42.104076, 16.792283], [42.105267, 16.775577], [42.118494, 16.754916], [42.116547, 16.744167], [42.141165, 16.740596], [42.147694, 16.721273], [42.186438, 16.705528]]], [[[41.918893, 16.791155], [41.904223, 16.802821], [41.889595, 16.820912], [41.864313, 16.851927], [41.84303, 16.880347], [41.834972, 16.891669], [41.834972, 16.89175], [41.846202, 16.901272], [41.870372, 16.902655], [41.88795, 16.907782], [41.90089, 16.918362], [41.910981, 16.936021], [41.921235, 16.935207], [41.923106, 16.935045], [41.928477, 16.954901], [41.920909, 16.978949], [41.907481, 16.984809], [41.894054, 16.990668], [41.881114, 16.991685], [41.858572, 16.996405], [41.846202, 16.997463], [41.843761, 17.001899], [41.85141, 17.009914], [41.86085, 17.013617], [41.863292, 17.00495], [41.895681, 17.001899], [41.921153, 16.992011], [41.938162, 16.972886], [41.939057, 16.968817], [41.94516, 16.942288], [41.945468, 16.923272], [41.939919, 16.901473], [41.943802, 16.883459], [41.975963, 16.875505], [41.985181, 16.853596], [41.944102, 16.853013], [41.932302, 16.838365], [41.938162, 16.821357], [41.962657, 16.813137], [41.976573, 16.804999], [41.995442, 16.797002], [42.001958, 16.772556], [42.001845, 16.760987], [41.97247, 16.77791], [41.936323, 16.788456], [41.918893, 16.791155]]], [[[49.56544, 27.351752], [49.585134, 27.344306], [49.638438, 27.330634], [49.688813, 27.317694], [49.670421, 27.311428], [49.655121, 27.314602], [49.640391, 27.32099], [49.62379, 27.324449], [49.60727, 27.322455], [49.591807, 27.316799], [49.577647, 27.308295], [49.56544, 27.297797], [49.557465, 27.305487], [49.556407, 27.304836], [49.551768, 27.304023], [49.54363, 27.309272], [49.538259, 27.311428], [49.538097, 27.311469], [49.538097, 27.317694], [49.551443, 27.322821], [49.554047, 27.328274], [49.549815, 27.334459], [49.545502, 27.338324], [49.541515, 27.341864], [49.531261, 27.346177], [49.520274, 27.344631], [49.509613, 27.340888], [49.500255, 27.338772], [49.487559, 27.334133], [49.474946, 27.322333], [49.463878, 27.306627], [49.456228, 27.290351], [49.453624, 27.316392], [49.472179, 27.342027], [49.501231, 27.360541], [49.531261, 27.365465], [49.542491, 27.363715], [49.551036, 27.360053], [49.56544, 27.351752]]], [[[37.026866, 25.419623], [37.037364, 25.411811], [37.042328, 25.407375], [37.04005, 25.40644], [37.035655, 25.408189], [37.028087, 25.409329], [37.027192, 25.405178], [37.031261, 25.398749], [37.023285, 25.399848], [37.003591, 25.411526], [36.998546, 25.422431], [37.000255, 25.429185], [36.990571, 25.430121], [36.978282, 25.426947], [36.971446, 25.435289], [36.966563, 25.448961], [36.95753, 25.448961], [36.946544, 25.441881], [36.944347, 25.448798], [36.951834, 25.467515], [36.961436, 25.477769], [36.973643, 25.477851], [36.987478, 25.47602], [36.999278, 25.469428], [37.008962, 25.449856], [37.015391, 25.450588], [37.017589, 25.457709], [37.021739, 25.452786], [37.026866, 25.419623]]], [[[36.942149, 25.418362], [36.958344, 25.419013], [36.961436, 25.414496], [36.943126, 25.405504], [36.935395, 25.39997], [36.924815, 25.389106], [36.914806, 25.370917], [36.89975, 25.361029], [36.878673, 25.373725], [36.859711, 25.39289], [36.841482, 25.405951], [36.80128, 25.444892], [36.798676, 25.447414], [36.795095, 25.453274], [36.795095, 25.456977], [36.797048, 25.45661], [36.799083, 25.458686], [36.797211, 25.464504], [36.787608, 25.474433], [36.776134, 25.489163], [36.776541, 25.496405], [36.78712, 25.494086], [36.796886, 25.486558], [36.815196, 25.465888], [36.823741, 25.459866], [36.842052, 25.450751], [36.877126, 25.436957], [36.893891, 25.432929], [36.906423, 25.431627], [36.915701, 25.426703], [36.920258, 25.419582], [36.899425, 25.41885], [36.896332, 25.405951], [36.904307, 25.39411], [36.91627, 25.396877], [36.928477, 25.409125], [36.942149, 25.418362]]], [[[36.849376, 25.533026], [36.839854, 25.535834], [36.826996, 25.547187], [36.828949, 25.561347], [36.841319, 25.570014], [36.855642, 25.568305], [36.866547, 25.557522], [36.866059, 25.545885], [36.855479, 25.536689], [36.849376, 25.533026]]], [[[36.790212, 25.49787], [36.78061, 25.504381], [36.77589, 25.50552], [36.771332, 25.507066], [36.765961, 25.514228], [36.765391, 25.524237], [36.756521, 25.527004], [36.742524, 25.529202], [36.739919, 25.532701], [36.743988, 25.53144], [36.742931, 25.535875], [36.734386, 25.546617], [36.719249, 25.55565], [36.701345, 25.554674], [36.693207, 25.550198], [36.688813, 25.546373], [36.681163, 25.544135], [36.681407, 25.553453], [36.691254, 25.567206], [36.706798, 25.571234], [36.725597, 25.565172], [36.775076, 25.535386], [36.78061, 25.527737], [36.785818, 25.516018], [36.801036, 25.507636], [36.816661, 25.502387], [36.839041, 25.489936], [36.874522, 25.463324], [36.883311, 25.454332], [36.881847, 25.450751], [36.87794, 25.447699], [36.879161, 25.443345], [36.87379, 25.44595], [36.858409, 25.456855], [36.845063, 25.464423], [36.834809, 25.466742], [36.83074, 25.47309], [36.82545, 25.484117], [36.816173, 25.488267], [36.809744, 25.485785], [36.800629, 25.488471], [36.790212, 25.49787]]], [[[36.900727, 25.549302], [36.899425, 25.577786], [36.898123, 25.584052], [36.898204, 25.595445], [36.904633, 25.603176], [36.914399, 25.606635], [36.923025, 25.602851], [36.927745, 25.593085], [36.928396, 25.583808], [36.925792, 25.576565], [36.921153, 25.576239], [36.91505, 25.580552], [36.91391, 25.578803], [36.916515, 25.571438], [36.915863, 25.56802], [36.913585, 25.569159], [36.920421, 25.555121], [36.927582, 25.52851], [36.923188, 25.519436], [36.911957, 25.53498], [36.905447, 25.53913], [36.900727, 25.549302]]], [[[36.683116, 25.572333], [36.681977, 25.566352], [36.676036, 25.554755], [36.667654, 25.54975], [36.660981, 25.552802], [36.647797, 25.561469], [36.567719, 25.598456], [36.546072, 25.603217], [36.539399, 25.589179], [36.52947, 25.593817], [36.510509, 25.610419], [36.497732, 25.623969], [36.491466, 25.645087], [36.499685, 25.662543], [36.524425, 25.685777], [36.53533, 25.698147], [36.54363, 25.702867], [36.545258, 25.696479], [36.539399, 25.684963], [36.522634, 25.662177], [36.523936, 25.652899], [36.531016, 25.644599], [36.537934, 25.639838], [36.543956, 25.639635], [36.548839, 25.637844], [36.553966, 25.631334], [36.562022, 25.627183], [36.570323, 25.624457], [36.596202, 25.600246], [36.609386, 25.591539], [36.622895, 25.590522], [36.631114, 25.592434], [36.6338, 25.589993], [36.634532, 25.582913], [36.63795, 25.574612], [36.647146, 25.57095], [36.655935, 25.571845], [36.6574, 25.572577], [36.654145, 25.573717], [36.654796, 25.57807], [36.659434, 25.582099], [36.667735, 25.581], [36.683116, 25.572333]]], [[[36.544281, 25.73135], [36.542735, 25.739325], [36.54005, 25.760484], [36.542491, 25.801947], [36.558442, 25.836371], [36.583669, 25.857896], [36.590831, 25.860541], [36.577485, 25.848578], [36.56658, 25.832994], [36.55836, 25.815823], [36.555431, 25.796332], [36.564138, 25.778795], [36.583263, 25.762274], [36.590831, 25.759345], [36.59783, 25.758368], [36.597341, 25.751695], [36.588715, 25.738511], [36.58546, 25.725491], [36.586681, 25.719794], [36.58839, 25.71426], [36.596039, 25.708889], [36.607595, 25.711249], [36.611095, 25.709459], [36.605642, 25.701117], [36.595551, 25.696601], [36.583018, 25.698676], [36.562999, 25.713284], [36.551768, 25.719794], [36.544281, 25.73135]]]]}}, {"type": "Feature", "id": "PAK", "properties": {"name": "Pakistan", "iso3": "PAK"}, "geometry": {"type": "MultiPolygon", "coordinates": [[[[75.981083, 36.445444], [75.987434, 36.421189], [75.968623, 36.341814], [75.96883, 36.301971], [75.976582, 36.286985], [76.001696, 36.261457], [76.011928, 36.248124], [76.014409, 36.230399], [76.001593, 36.222131], [75.983403, 36.215413], [75.97007, 36.202339], [75.96914, 36.191694], [75.977408, 36.173762], [75.976582, 36.162755], [75.971517, 36.155004], [75.964179, 36.149836], [75.91457, 36.123894], [75.901444, 36.113611], [75.894313, 36.097384], [75.899997, 36.063485], [75.922321, 36.031652], [75.953017, 36.007261], [75.984333, 35.995633], [76.061434, 35.991603], [76.08996, 35.978115], [76.114661, 35.941787], [76.123756, 35.903494], [76.127787, 35.862102], [76.138122, 35.826652], [76.166027, 35.806239], [76.189799, 35.804999], [76.237134, 35.815489], [76.260389, 35.817815], [76.280542, 35.814249], [76.296562, 35.809495], [76.311962, 35.80965], [76.348859, 35.830992], [76.366429, 35.830889], [76.384102, 35.828202], [76.403119, 35.830992], [76.410354, 35.836832], [76.422446, 35.854298], [76.432058, 35.8605], [76.44291, 35.86329], [76.453969, 35.864789], [76.476499, 35.865254], [76.500167, 35.871507], [76.537168, 35.902513], [76.555461, 35.897862], [76.56528, 35.865461], [76.55112, 35.784018], [76.570757, 35.751256], [76.604244, 35.735701], [76.676694, 35.71379], [76.709043, 35.69405], [76.732918, 35.66661], [76.745424, 35.655034], [76.763407, 35.647076], [76.777351, 35.646112], [76.913161, 35.378277], [77.048971, 35.110442], [77.042426, 35.107014], [77.023133, 35.086335], [77.02706, 35.062099], [77.035225, 35.034503], [77.02861, 35.003394], [77.013108, 34.986393], [76.952956, 34.94655], [76.933836, 34.928877], [76.921123, 34.920712], [76.905931, 34.923141], [76.879576, 34.937093], [76.852601, 34.943346], [76.817047, 34.940762], [76.782011, 34.930892], [76.757619, 34.915131], [76.749558, 34.892083], [76.753278, 34.83834], [76.743873, 34.819271], [76.652613, 34.746976], [76.63959, 34.741136], [76.553187, 34.72584], [76.535824, 34.726202], [76.519908, 34.731111], [76.476499, 34.757776], [76.438156, 34.762892], [76.399915, 34.750748], [76.262042, 34.684654], [76.154969, 34.661658], [76.121792, 34.660883], [76.058334, 34.683414], [76.023401, 34.677161], [76.007484, 34.66512], [75.98671, 34.636027], [75.973378, 34.622332], [75.966246, 34.619077], [75.939271, 34.612049], [75.873952, 34.571379], [75.816178, 34.521667], [75.795818, 34.507921], [75.777111, 34.503812], [75.734839, 34.508618], [75.713652, 34.508515], [75.655568, 34.496965], [75.611643, 34.49836], [75.348093, 34.55722], [75.306958, 34.574015], [75.267478, 34.598303], [75.251355, 34.613082], [75.236885, 34.631892], [75.224544, 34.638622], [75.212907, 34.644967], [75.17632, 34.64538], [75.111001, 34.633649], [75.017777, 34.629722], [74.66493, 34.688323], [74.412129, 34.764494], [74.348877, 34.773434], [74.285832, 34.768887], [74.221753, 34.747751], [74.146823, 34.701862], [74.120881, 34.690855], [73.962234, 34.668169], [73.948592, 34.662743], [73.919343, 34.642538], [73.917483, 34.619283], [73.925441, 34.593393], [73.925957, 34.564971], [73.910971, 34.544973], [73.863119, 34.517067], [73.846996, 34.49433], [73.846996, 34.494175], [73.845549, 34.456477], [73.840381, 34.44441], [73.831596, 34.4364], [73.806792, 34.425161], [73.79625, 34.418546], [73.779817, 34.396067], [73.774856, 34.370952], [73.78271, 34.346819], [73.804208, 34.327492], [73.829116, 34.315348], [73.8533, 34.307416], [73.879035, 34.30429], [73.907457, 34.306796], [73.93774, 34.304212], [73.95438, 34.287185], [73.976704, 34.23755], [73.990553, 34.218507], [73.998304, 34.196803], [73.995411, 34.176442], [73.976704, 34.161559], [73.916862, 34.135256], [73.893298, 34.11474], [73.88441, 34.0842], [73.893711, 34.054305], [73.916242, 34.02795], [73.945801, 34.009786], [73.976704, 34.004592], [74.04502, 34.019423], [74.065277, 34.018338], [74.118401, 34.002525], [74.154264, 34.004101], [74.192091, 34.011853], [74.228368, 34.012886], [74.259684, 33.994386], [74.272293, 33.96214], [74.262474, 33.929946], [74.23953, 33.901007], [74.212555, 33.878424], [74.177518, 33.857547], [74.142275, 33.84424], [74.034581, 33.828608], [74.011327, 33.81047], [73.976704, 33.758922], [73.970709, 33.747063], [73.966162, 33.734531], [73.963061, 33.72156], [73.960787, 33.692286], [73.963061, 33.676757], [73.968332, 33.662081], [73.976704, 33.648387], [74.024246, 33.614254], [74.088118, 33.58529], [74.141552, 33.549374], [74.157778, 33.494236], [74.136281, 33.418013], [74.105481, 33.345201], [74.095973, 33.328484], [74.085121, 33.314324], [74.071995, 33.302284], [74.055355, 33.292026], [74.017838, 33.279494], [74.001715, 33.270167], [73.991793, 33.252571], [73.988486, 33.20862], [74.002335, 33.177692], [74.029414, 33.154153], [74.065794, 33.132604], [74.098453, 33.104828], [74.153851, 33.040181], [74.190851, 33.022094], [74.283972, 33.008813], [74.311257, 32.994292], [74.322006, 32.972045], [74.324486, 32.921402], [74.336682, 32.870139], [74.333788, 32.849262], [74.322936, 32.830529], [74.316989, 32.823067], [74.315939, 32.82175], [74.306503, 32.809911], [74.316321, 32.791075], [74.329344, 32.776424], [74.34619, 32.76689], [74.367688, 32.763531], [74.386394, 32.767768], [74.418951, 32.784615], [74.438691, 32.785984], [74.455331, 32.778595], [74.484476, 32.753532], [74.500909, 32.746013], [74.52096, 32.745289], [74.573773, 32.75255], [74.59341, 32.757872], [74.614081, 32.770404], [74.622039, 32.785416], [74.626276, 32.80265], [74.635888, 32.82208], [74.653562, 32.837428], [74.671752, 32.840581], [74.685291, 32.831227], [74.689115, 32.808825], [74.682294, 32.787328], [74.656972, 32.745341], [74.649738, 32.723146], [74.650151, 32.701235], [74.657282, 32.660592], [74.656042, 32.64067], [74.647981, 32.623617], [74.636922, 32.606254], [74.629584, 32.588089], [74.632581, 32.568168], [74.662553, 32.498379], [74.689322, 32.471352], [74.724978, 32.46081], [74.763529, 32.462671], [74.799393, 32.47267], [74.83815, 32.474866], [74.906983, 32.445178], [74.948427, 32.44877], [74.990699, 32.463368], [75.023668, 32.466262], [75.054881, 32.455539], [75.092191, 32.429339], [75.125988, 32.411744], [75.196164, 32.3973], [75.230167, 32.380195], [75.298403, 32.332427], [75.326906, 32.312473], [75.35295, 32.284387], [75.359048, 32.261675], [75.34861, 32.242012], [75.31657, 32.210748], [75.308405, 32.193902], [75.29807, 32.159795], [75.294659, 32.148892], [75.263344, 32.150907], [75.249908, 32.148892], [75.226447, 32.14207], [75.195751, 32.128634], [75.173116, 32.109721], [75.17415, 32.086828], [75.161334, 32.087965], [75.13839, 32.093494], [75.129812, 32.090239], [75.11896, 32.08104], [75.110278, 32.07763], [75.102113, 32.078095], [75.040825, 32.09799], [75.022635, 32.094683], [75.030179, 32.066416], [75.020154, 32.065847], [74.995556, 32.067398], [74.986151, 32.063212], [74.978503, 32.053393], [74.974059, 32.04497], [74.967858, 32.037891], [74.955662, 32.032206], [74.931374, 32.029829], [74.908843, 32.031896], [74.889103, 32.028899], [74.873186, 32.011691], [74.828641, 32.025437], [74.811278, 32.003732], [74.802493, 31.968851], [74.783683, 31.942858], [74.763012, 31.938982], [74.698417, 31.950247], [74.669995, 31.904152], [74.657179, 31.895677], [74.641056, 31.890561], [74.565608, 31.840538], [74.550415, 31.826999], [74.540804, 31.810876], [74.537393, 31.788913], [74.53698, 31.775736], [74.535119, 31.771137], [74.530778, 31.767829], [74.523027, 31.758476], [74.521167, 31.753773], [74.518273, 31.741836], [74.516206, 31.737392], [74.513312, 31.735118], [74.505457, 31.732018], [74.503287, 31.730571], [74.492641, 31.714551], [74.489437, 31.711192], [74.499463, 31.699875], [74.555583, 31.612232], [74.584522, 31.517509], [74.614598, 31.477821], [74.617181, 31.458908], [74.61191, 31.440201], [74.600025, 31.42413], [74.583695, 31.40656], [74.571603, 31.389248], [74.532225, 31.303207], [74.525301, 31.280211], [74.525094, 31.235407], [74.509074, 31.195668], [74.506387, 31.175411], [74.509591, 31.156084], [74.514862, 31.141821], [74.523544, 31.129315], [74.536773, 31.115156], [74.553103, 31.108955], [74.596924, 31.115776], [74.616975, 31.11526], [74.631961, 31.107508], [74.650254, 31.093142], [74.658833, 31.083789], [74.600955, 31.056607], [74.579458, 31.042706], [74.564265, 31.025032], [74.564058, 31.004362], [74.548762, 30.992166], [74.534809, 30.97625], [74.519306, 30.962452], [74.499463, 30.95651], [74.477242, 30.956096], [74.458535, 30.953409], [74.441585, 30.946174], [74.424325, 30.932325], [74.41337, 30.915065], [74.409132, 30.901009], [74.401277, 30.893103], [74.379677, 30.894498], [74.353632, 30.901112], [74.34247, 30.901939], [74.329757, 30.899614], [74.319215, 30.893413], [74.31074, 30.884473], [74.304022, 30.874034], [74.31136, 30.855947], [74.300198, 30.83817], [74.279941, 30.824683], [74.260201, 30.819412], [74.256687, 30.815278], [74.265782, 30.795434], [74.266712, 30.788354], [74.259167, 30.781016], [74.244078, 30.771249], [74.235706, 30.764118], [74.215139, 30.737453], [74.198809, 30.724999], [74.191161, 30.717041], [74.18465, 30.696835], [74.170077, 30.687172], [74.16677, 30.67911], [74.163669, 30.664899], [74.155711, 30.659577], [74.132663, 30.655494], [74.111476, 30.646244], [74.09587, 30.637149], [74.082227, 30.625884], [74.067448, 30.610536], [74.057112, 30.591571], [74.058249, 30.574466], [74.061453, 30.555604], [74.057526, 30.531367], [74.04409, 30.518655], [74.004402, 30.50894], [73.996031, 30.500982], [73.98983, 30.487804], [73.939083, 30.426051], [73.929265, 30.419075], [73.916656, 30.417163], [73.899913, 30.422124], [73.902083, 30.415612], [73.904253, 30.401453], [73.906114, 30.394838], [73.887614, 30.396544], [73.867666, 30.387449], [73.85175, 30.372669], [73.845239, 30.35696], [73.842345, 30.35298], [73.891644, 30.329778], [73.911901, 30.303784], [73.934639, 30.261048], [73.948902, 30.217278], [73.946831, 30.204077], [73.944354, 30.188288], [73.778266, 30.067313], [73.739716, 30.048451], [73.557815, 30.012536], [73.385215, 29.942308], [73.370332, 29.927322], [73.327441, 29.80521], [73.284756, 29.683745], [73.232873, 29.536596], [73.177993, 29.443449], [73.1289, 29.360302], [73.050869, 29.228217], [72.98865, 29.15463], [72.962915, 29.116829], [72.930359, 29.047685], [72.918164, 29.032854], [72.901524, 29.022622], [72.77254, 28.96335], [72.658541, 28.911001], [72.52563, 28.84992], [72.382176, 28.784006], [72.354581, 28.767186], [72.28027, 28.687165], [72.256499, 28.645591], [72.197794, 28.44488], [72.17764, 28.397053], [72.149942, 28.353774], [72.110978, 28.317627], [71.988195, 28.228097], [71.908303, 28.135571], [71.896934, 28.115546], [71.89156, 28.097097], [71.879984, 27.974909], [71.874403, 27.95969], [71.860864, 27.950207], [71.70139, 27.906773], [71.560727, 27.868533], [71.477115, 27.862435], [71.397791, 27.868378], [71.31144, 27.861711], [71.226329, 27.845356], [71.150675, 27.822411], [71.027581, 27.768048], [70.91379, 27.717818], [70.831573, 27.701463], [70.761758, 27.709783], [70.710391, 27.74115], [70.671738, 27.791095], [70.640732, 27.854787], [70.637631, 27.874217], [70.64161, 27.911269], [70.633187, 27.93163], [70.621198, 27.944135], [70.592879, 27.964496], [70.559806, 27.998447], [70.534898, 28.015965], [70.506786, 28.028962], [70.477227, 28.037256], [70.456247, 28.039788], [70.43692, 28.035344], [70.398266, 28.02165], [70.359509, 28.016327], [70.341939, 28.01147], [70.323852, 28.000437], [70.267731, 27.945272], [70.199002, 27.90096], [70.189028, 27.89179], [70.101953, 27.81174], [70.090688, 27.79355], [70.016894, 27.60059], [69.993536, 27.571083], [69.908063, 27.497289], [69.848015, 27.410369], [69.730606, 27.310324], [69.666114, 27.270016], [69.575577, 27.188419], [69.534443, 27.125581], [69.507571, 27.050081], [69.48597, 26.926833], [69.465093, 26.80777], [69.472844, 26.766584], [69.50416, 26.735165], [69.659396, 26.677701], [69.700221, 26.653], [69.772258, 26.59507], [69.815562, 26.580291], [70.056064, 26.589076], [70.093685, 26.580394], [70.1296, 26.562514], [70.158074, 26.530113], [70.162931, 26.493319], [70.156989, 26.410947], [70.160503, 26.371311], [70.157144, 26.354], [70.147945, 26.333226], [70.142467, 26.313692], [70.144018, 26.294313], [70.151614, 26.254058], [70.146912, 26.217419], [70.132029, 26.18047], [70.078285, 26.099648], [70.073893, 26.083112], [70.072911, 26.047455], [70.064281, 25.99552], [70.064643, 25.980327], [70.083246, 25.929943], [70.114976, 25.881729], [70.15425, 25.839406], [70.195591, 25.806953], [70.213988, 25.786334], [70.234452, 25.730989], [70.249231, 25.707683], [70.264579, 25.697296], [70.303698, 25.684583], [70.360129, 25.673473], [70.477227, 25.676315], [70.516657, 25.68386], [70.554432, 25.698794], [70.592259, 25.708819], [70.632308, 25.701378], [70.653857, 25.674455], [70.657475, 25.63363], [70.652824, 25.545884], [70.646623, 25.431369], [70.654478, 25.39659], [70.670394, 25.375558], [70.710495, 25.335871], [70.718556, 25.310808], [70.723104, 25.287295], [70.734886, 25.267348], [70.768372, 25.233086], [70.831418, 25.183322], [70.848574, 25.163323], [70.859891, 25.139449], [70.893326, 25.001886], [70.915237, 24.946618], [70.943039, 24.894063], [71.00319, 24.808203], [71.036935, 24.72074], [71.056632, 24.69282], [71.063858, 24.682577], [71.043343, 24.669064], [70.977145, 24.639686], [70.962779, 24.615785], [70.954821, 24.584521], [70.957767, 24.556022], [70.977145, 24.54039], [70.980866, 24.534731], [70.981899, 24.52853], [70.980504, 24.521889], [70.977145, 24.515068], [70.974768, 24.494966], [70.973218, 24.48724], [70.973114, 24.479644], [70.974355, 24.472202], [70.977145, 24.464942], [71.00009, 24.452901], [71.040087, 24.446778], [71.07502, 24.436417], [71.082772, 24.411508], [71.073057, 24.402103], [71.025101, 24.38629], [71.014352, 24.375206], [71.007118, 24.363966], [70.996679, 24.356602], [70.977145, 24.357248], [70.955338, 24.365904], [70.936321, 24.367196], [70.917717, 24.361718], [70.856532, 24.323814], [70.840926, 24.30583], [70.844543, 24.288286], [70.857566, 24.271672], [70.851468, 24.264877], [70.834105, 24.261285], [70.813589, 24.254464], [70.776021, 24.236687], [70.755453, 24.231442], [70.621508, 24.241157], [70.584714, 24.2579], [70.567661, 24.272809], [70.56022, 24.287253], [70.555362, 24.327018], [70.545647, 24.362183], [70.546474, 24.373139], [70.551952, 24.379366], [70.569211, 24.389882], [70.575206, 24.400036], [70.562907, 24.424092], [70.520946, 24.424919], [70.416353, 24.401948], [70.370774, 24.372364], [70.353204, 24.366266], [70.29853, 24.363424], [70.2791, 24.355078], [70.242565, 24.330609], [70.222773, 24.326707], [70.202205, 24.325571], [70.144586, 24.307897], [70.109705, 24.3049], [70.097871, 24.298828], [70.087174, 24.28255], [70.062989, 24.220306], [70.052137, 24.202064], [70.015964, 24.174055], [69.972039, 24.165219], [69.769054, 24.162557], [69.714587, 24.168578], [69.670558, 24.188706], [69.59232, 24.264618], [69.563071, 24.276762], [69.280815, 24.283739], [69.206246, 24.258572], [69.166713, 24.253172], [69.148213, 24.25666], [69.091886, 24.281904], [69.067701, 24.288441], [69.048477, 24.285237], [69.007808, 24.264567], [68.980781, 24.255394], [68.962643, 24.257228], [68.94869, 24.270277], [68.929415, 24.302368], [68.921974, 24.310507], [68.913189, 24.317251], [68.904197, 24.320584], [68.890296, 24.319473], [68.885077, 24.313556], [68.883268, 24.305365], [68.880116, 24.297355], [68.848903, 24.244025], [68.838774, 24.236455], [68.819654, 24.250304], [68.813815, 24.30844], [68.79919, 24.329085], [68.747307, 24.331177], [68.725913, 24.289216], [68.725551, 24.208911], [68.725086, 24.10406], [68.724466, 23.965179], [68.646435, 23.965696], [68.547836, 23.966316], [68.431564, 23.967143], [68.385469, 23.960425], [68.353636, 23.939289], [68.353843, 23.94717], [68.352396, 23.956549], [68.348882, 23.964611], [68.342629, 23.968564], [68.330433, 23.966574], [68.329865, 23.958151], [68.333689, 23.948048], [68.335033, 23.940995], [68.325989, 23.927791], [68.314052, 23.915906], [68.300409, 23.910505], [68.286198, 23.916371], [68.280049, 23.925724], [68.277672, 23.933501], [68.274003, 23.937687], [68.263926, 23.93593], [68.254934, 23.929109], [68.25266, 23.920091], [68.253074, 23.911229], [68.251937, 23.904821], [68.253746, 23.90278], [68.257931, 23.899473], [68.26036, 23.895545], [68.256794, 23.891928], [68.252867, 23.891695], [68.243049, 23.893426], [68.239948, 23.893116], [68.23292, 23.889111], [68.21504, 23.881748], [68.207288, 23.877019], [68.183517, 23.8433], [68.183035, 23.842108], [68.183116, 23.843451], [68.157481, 23.905097], [68.156423, 23.87401], [68.157481, 23.864163], [68.160167, 23.857856], [68.168712, 23.844794], [68.170584, 23.839911], [68.166759, 23.820014], [68.148692, 23.780911], [68.143321, 23.761135], [68.144216, 23.74315], [68.154796, 23.714301], [68.157481, 23.696234], [68.149099, 23.694525], [68.130382, 23.708197], [68.102224, 23.733832], [68.098888, 23.709296], [68.081716, 23.708686], [68.062755, 23.723131], [68.053884, 23.74372], [68.056977, 23.750963], [68.071056, 23.760647], [68.074392, 23.764838], [68.073253, 23.783433], [68.074392, 23.788398], [68.081716, 23.80565], [68.088227, 23.809516], [68.102224, 23.809516], [68.102224, 23.815741], [68.08839, 23.826077], [68.07252, 23.841864], [68.059418, 23.861884], [68.053884, 23.88467], [68.061697, 23.911282], [68.063731, 23.923163], [68.047699, 23.92121], [68.024181, 23.935248], [68.01352, 23.939276], [68.041515, 23.85224], [68.053884, 23.829413], [68.035655, 23.792426], [68.024425, 23.774604], [68.01352, 23.768541], [68.007986, 23.774237], [68.003429, 23.785305], [68.000336, 23.797309], [67.999278, 23.805813], [67.994151, 23.811184], [67.983165, 23.809638], [67.973399, 23.805243], [67.971934, 23.802069], [67.961925, 23.804674], [67.950857, 23.808905], [67.941661, 23.815863], [67.937755, 23.826321], [67.934255, 23.832994], [67.926036, 23.834052], [67.916759, 23.833645], [67.909923, 23.836249], [67.904633, 23.846259], [67.905935, 23.85928], [67.899913, 23.86758], [67.891938, 23.869574], [67.883474, 23.864814], [67.868907, 23.850491], [67.864513, 23.86579], [67.863292, 23.902818], [67.855235, 23.911933], [67.849132, 23.889472], [67.839041, 23.823391], [67.831716, 23.809516], [67.802582, 23.812812], [67.773204, 23.821112], [67.718598, 23.843695], [67.730724, 23.835598], [67.741059, 23.823065], [67.743663, 23.808783], [67.73227, 23.795233], [67.715668, 23.791693], [67.693614, 23.793443], [67.656586, 23.802069], [67.646495, 23.802883], [67.637706, 23.801744], [67.631602, 23.803453], [67.629242, 23.812649], [67.630707, 23.824774], [67.634288, 23.833075], [67.638845, 23.840644], [67.642914, 23.850491], [67.651052, 23.90705], [67.656586, 23.919379], [67.656586, 23.925605], [67.652029, 23.925279], [67.651052, 23.926907], [67.651215, 23.929755], [67.650401, 23.933051], [67.638031, 23.91592], [67.63738, 23.874254], [67.629242, 23.856676], [67.614513, 23.850084], [67.59962, 23.854234], [67.589366, 23.866523], [67.58839, 23.88467], [67.574555, 23.871772], [67.566091, 23.876451], [67.558116, 23.888658], [67.546641, 23.898261], [67.532563, 23.899156], [67.530121, 23.891262], [67.535899, 23.880032], [67.546641, 23.870998], [67.491059, 23.883124], [67.478526, 23.891506], [67.488048, 23.893052], [67.495291, 23.892279], [67.502615, 23.89289], [67.512543, 23.898261], [67.520518, 23.90705], [67.532237, 23.929145], [67.540538, 23.939276], [67.530528, 23.935492], [67.519867, 23.92829], [67.509044, 23.923245], [67.498871, 23.925605], [67.496918, 23.935614], [67.499766, 23.951646], [67.506358, 23.974026], [67.463634, 23.982001], [67.451182, 23.987698], [67.46811, 24.021959], [67.478201, 24.032416], [67.492198, 24.028022], [67.519867, 24.045071], [67.529796, 24.054918], [67.533051, 24.070258], [67.509776, 24.052069], [67.489106, 24.054104], [67.467296, 24.064154], [67.440684, 24.070258], [67.383556, 24.066799], [67.354015, 24.070868], [67.341319, 24.086371], [67.337087, 24.118964], [67.326427, 24.143785], [67.300304, 24.186265], [67.295584, 24.199205], [67.293305, 24.212226], [67.292328, 24.261868], [67.288422, 24.269965], [67.279145, 24.281236], [67.283865, 24.287909], [67.289317, 24.298651], [67.292817, 24.302965], [67.285981, 24.329576], [67.305919, 24.342841], [67.336436, 24.346422], [67.362478, 24.34394], [67.34254, 24.353827], [67.325369, 24.357611], [67.28297, 24.357611], [67.271658, 24.369086], [67.273611, 24.395087], [67.286632, 24.439521], [67.280528, 24.432318], [67.273611, 24.426947], [67.2588, 24.419094], [67.256847, 24.444973], [67.246837, 24.467963], [67.230724, 24.488837], [67.210948, 24.50845], [67.230805, 24.525092], [67.226736, 24.532375], [67.204112, 24.535102], [67.194591, 24.547268], [67.18865, 24.561347], [67.185232, 24.576117], [67.183604, 24.590318], [67.199474, 24.584784], [67.21811, 24.582424], [67.236664, 24.58397], [67.252615, 24.590318], [67.223888, 24.607164], [67.208995, 24.613756], [67.19044, 24.617662], [67.172699, 24.615871], [67.159923, 24.61225], [67.15211, 24.615709], [67.149587, 24.635077], [67.156993, 24.662909], [67.175548, 24.688707], [67.199962, 24.710639], [67.22462, 24.726955], [67.25294, 24.740383], [67.255544, 24.747992], [67.245128, 24.761664], [67.232677, 24.770738], [67.223806, 24.769721], [67.212657, 24.764716], [67.176036, 24.757717], [67.167328, 24.760159], [67.161632, 24.781399], [67.156016, 24.791571], [67.148204, 24.799791], [67.139659, 24.80329], [67.121837, 24.801215], [67.111095, 24.797756], [67.099946, 24.797065], [67.081228, 24.80329], [67.073741, 24.795803], [67.08253, 24.774156], [67.063731, 24.781684], [67.02296, 24.810045], [67.005056, 24.813544], [66.987315, 24.822211], [66.972992, 24.833157], [66.965099, 24.843573], [66.957693, 24.843573], [66.957856, 24.825426], [66.960216, 24.817816], [66.965099, 24.810045], [66.941173, 24.812567], [66.921886, 24.824286], [66.903331, 24.839179], [66.882091, 24.85102], [66.85377, 24.85224], [66.827322, 24.844143], [66.802501, 24.839545], [66.779633, 24.85102], [66.769298, 24.847235], [66.716319, 24.841539], [66.691417, 24.832587], [66.679698, 24.830552], [66.654145, 24.839179], [66.656749, 24.85871], [66.677013, 24.879543], [66.704438, 24.892035], [66.704438, 24.898871], [66.681326, 24.910549], [66.681326, 24.948879], [66.697032, 25.025458], [66.699555, 25.085273], [66.704438, 25.104315], [66.713552, 25.120754], [66.73227, 25.143256], [66.737966, 25.159491], [66.737153, 25.181098], [66.721446, 25.212592], [66.71754, 25.231187], [66.710216, 25.239244], [66.674083, 25.269029], [66.659516, 25.27558], [66.648285, 25.283189], [66.595225, 25.330227], [66.56072, 25.349677], [66.547862, 25.365627], [66.553722, 25.385443], [66.579275, 25.379381], [66.591156, 25.399604], [66.587087, 25.426215], [66.56422, 25.439439], [66.550548, 25.457099], [66.541677, 25.492174], [66.531016, 25.518134], [66.512706, 25.508368], [66.51059, 25.512926], [66.507335, 25.517564], [66.50587, 25.52204], [66.492849, 25.518052], [66.486583, 25.525621], [66.482921, 25.538235], [66.477875, 25.549302], [66.444102, 25.582506], [66.437022, 25.597724], [66.41212, 25.590562], [66.387706, 25.592434], [66.372569, 25.603909], [66.375499, 25.625678], [66.358653, 25.614488], [66.338552, 25.6081], [66.303233, 25.60456], [66.29127, 25.605943], [66.270518, 25.61164], [66.258149, 25.612006], [66.254242, 25.609605], [66.248383, 25.604682], [66.239757, 25.599921], [66.203949, 25.593207], [66.183442, 25.58161], [66.167166, 25.566067], [66.155772, 25.549302], [66.13738, 25.513821], [66.131602, 25.508368], [66.12086, 25.504584], [66.10963, 25.495429], [66.099946, 25.484361], [66.094412, 25.47484], [66.121104, 25.475165], [66.20045, 25.48786], [66.213064, 25.49136], [66.223643, 25.499498], [66.238455, 25.515815], [66.241547, 25.518459], [66.245128, 25.520413], [66.249685, 25.521633], [66.255138, 25.52204], [66.2588, 25.524848], [66.258311, 25.531399], [66.256847, 25.538479], [66.258149, 25.543118], [66.279145, 25.549994], [66.309337, 25.554023], [66.336436, 25.553371], [66.348318, 25.54621], [66.352712, 25.535549], [66.363536, 25.530341], [66.376964, 25.527045], [66.38852, 25.52204], [66.397146, 25.512885], [66.411957, 25.491116], [66.423188, 25.481024], [66.437266, 25.491278], [66.456228, 25.496039], [66.475841, 25.493313], [66.492198, 25.481024], [66.45753, 25.453762], [66.497895, 25.430487], [66.511567, 25.414211], [66.498383, 25.398505], [66.483897, 25.400539], [66.465505, 25.411607], [66.437022, 25.433254], [66.359548, 25.465237], [66.31186, 25.474921], [66.278656, 25.467353], [66.251801, 25.472886], [66.219493, 25.464911], [66.187022, 25.452948], [66.15919, 25.446926], [66.069021, 25.446234], [66.004649, 25.429633], [65.92449, 25.418606], [65.881521, 25.419623], [65.858409, 25.417548], [65.823985, 25.402248], [65.800304, 25.395819], [65.765391, 25.377997], [65.724376, 25.371161], [65.671641, 25.347398], [65.65211, 25.344468], [65.629731, 25.34691], [65.488129, 25.383124], [65.467784, 25.385443], [65.446056, 25.381008], [65.422862, 25.372382], [65.400727, 25.366685], [65.382335, 25.371161], [65.386974, 25.37641], [65.395356, 25.392279], [65.362804, 25.39057], [65.336192, 25.385321], [65.313243, 25.376858], [65.292328, 25.364976], [65.259776, 25.380439], [65.23227, 25.370673], [65.211111, 25.347846], [65.187999, 25.311021], [65.180186, 25.303656], [65.170177, 25.299465], [65.155284, 25.296088], [65.143403, 25.295885], [65.118012, 25.301947], [65.08961, 25.305569], [65.058849, 25.314521], [65.042003, 25.316596], [64.980642, 25.316596], [64.920665, 25.327053], [64.889659, 25.328355], [64.861095, 25.316596], [64.839122, 25.325344], [64.807302, 25.328518], [64.744395, 25.324042], [64.718516, 25.314399], [64.695974, 25.297593], [64.678559, 25.276801], [64.66863, 25.255113], [64.662771, 25.229071], [64.663341, 25.217027], [64.66863, 25.206732], [64.679861, 25.201483], [64.6963, 25.197089], [64.709158, 25.19066], [64.710216, 25.179389], [64.702322, 25.178778], [64.65504, 25.165717], [64.640636, 25.166571], [64.615245, 25.173163], [64.600352, 25.173163], [64.626964, 25.211615], [64.627696, 25.228461], [64.610606, 25.251695], [64.593028, 25.261298], [64.56544, 25.27025], [64.53712, 25.275865], [64.518403, 25.27558], [64.506602, 25.266913], [64.492035, 25.245673], [64.480235, 25.241441], [64.46754, 25.240383], [64.448009, 25.235745], [64.439301, 25.234605], [64.417491, 25.240912], [64.382823, 25.27147], [64.360688, 25.283026], [64.318207, 25.292304], [64.275076, 25.296088], [64.265798, 25.298651], [64.252778, 25.311591], [64.24464, 25.316596], [64.18393, 25.318671], [64.094493, 25.335883], [64.094737, 25.349921], [64.103689, 25.367865], [64.106944, 25.385443], [64.101736, 25.390855], [64.092296, 25.395982], [64.083507, 25.40351], [64.0796, 25.416205], [64.083751, 25.426744], [64.093761, 25.431789], [64.106212, 25.433254], [64.117442, 25.433254], [64.14088, 25.42886], [64.15089, 25.432115], [64.155284, 25.446926], [64.150727, 25.451402], [64.140636, 25.453355], [64.127289, 25.453762], [64.081554, 25.443752], [64.056488, 25.441718], [64.045421, 25.450344], [63.989594, 25.425442], [63.976573, 25.412787], [63.991384, 25.416653], [63.997081, 25.419623], [64.004242, 25.402045], [64.011729, 25.397284], [64.021495, 25.402737], [64.035167, 25.416205], [64.048839, 25.41649], [64.061697, 25.399156], [64.0796, 25.364976], [64.066742, 25.346259], [64.059744, 25.34455], [64.042003, 25.344468], [64.004893, 25.339016], [63.987071, 25.338324], [63.969737, 25.344468], [63.944102, 25.334906], [63.906586, 25.341213], [63.804942, 25.374986], [63.737804, 25.385321], [63.669932, 25.383612], [63.604666, 25.374416], [63.57252, 25.364976], [63.554373, 25.356187], [63.537608, 25.344468], [63.510509, 25.316596], [63.495779, 25.291409], [63.485199, 25.284329], [63.469493, 25.289252], [63.474132, 25.273139], [63.4817, 25.260159], [63.511974, 25.226711], [63.516856, 25.223578], [63.518728, 25.220852], [63.517914, 25.214179], [63.515391, 25.206855], [63.511729, 25.200263], [63.506602, 25.195502], [63.500499, 25.193671], [63.468761, 25.199042], [63.411143, 25.22248], [63.376964, 25.227769], [63.308116, 25.220364], [63.291352, 25.222805], [63.244151, 25.241441], [63.178477, 25.258043], [63.144054, 25.260932], [63.113129, 25.255113], [63.050955, 25.224189], [63.027843, 25.220364], [62.942393, 25.227769], [62.770518, 25.261908], [62.604959, 25.265997], [62.527479, 25.264188], [62.477179, 25.259064], [62.465017, 25.23725], [62.467621, 25.223538], [62.489431, 25.214179], [62.469493, 25.206732], [62.444347, 25.213935], [62.413829, 25.206529], [62.385265, 25.19245], [62.365896, 25.179389], [62.354747, 25.16942], [62.34311, 25.155463], [62.336192, 25.139838], [62.339122, 25.124742], [62.35199, 25.112829], [62.373222, 25.108394], [62.387243, 25.101575], [62.381052, 25.087572], [62.339713, 25.087399], [62.289954, 25.090016], [62.256055, 25.098627], [62.280284, 25.116604], [62.283946, 25.11994], [62.287771, 25.12226], [62.290782, 25.124742], [62.299327, 25.128811], [62.308279, 25.12816], [62.315278, 25.130194], [62.318126, 25.141832], [62.303977, 25.166923], [62.297479, 25.185133], [62.275184, 25.19989], [62.254222, 25.212032], [62.225792, 25.214054], [62.191809, 25.220081], [62.145193, 25.218411], [62.102712, 25.205146], [62.080031, 25.197152], [62.068045, 25.178142], [62.058989, 25.161636], [62.07309, 25.15058], [62.077828, 25.127713], [62.088902, 25.118422], [62.097179, 25.107123], [62.075551, 25.100749], [62.035841, 25.103044], [61.98911, 25.108074], [61.929498, 25.109563], [61.881114, 25.103013], [61.869884, 25.083889], [61.866384, 25.075426], [61.857432, 25.06684], [61.847341, 25.037909], [61.835216, 25.038398], [61.814853, 25.02618], [61.790478, 25.017763], [61.754868, 25.013467], [61.729551, 25.021783], [61.720064, 25.037436], [61.725759, 25.058905], [61.73585, 25.069525], [61.728526, 25.083075], [61.732432, 25.09162], [61.749522, 25.104315], [61.76002, 25.115383], [61.762706, 25.121975], [61.763845, 25.134996], [61.766775, 25.145657], [61.780121, 25.162543], [61.783702, 25.173163], [61.783051, 25.187974], [61.779552, 25.191067], [61.773692, 25.188422], [61.766856, 25.186225], [61.763927, 25.184272], [61.755138, 25.175605], [61.749522, 25.173163], [61.744314, 25.174954], [61.73113, 25.184068], [61.725352, 25.186225], [61.713634, 25.188056], [61.70753, 25.192206], [61.702485, 25.197008], [61.694184, 25.200507], [61.682791, 25.201646], [61.650157, 25.200507], [61.634125, 25.203925], [61.624197, 25.204413], [61.612478, 25.200507], [61.588227, 25.202094], [61.620042, 25.285486], [61.626036, 25.36977], [61.633064, 25.469299], [61.639059, 25.554927], [61.643193, 25.613321], [61.646604, 25.627687], [61.652495, 25.637299], [61.667171, 25.650477], [61.673475, 25.65828], [61.676369, 25.6928], [61.665311, 25.732384], [61.66035, 25.769178], [61.681434, 25.795481], [61.702621, 25.80008], [61.721948, 25.799667], [61.739311, 25.803284], [61.754504, 25.819975], [61.760085, 25.837597], [61.770627, 25.907412], [61.783236, 25.990611], [61.792745, 26.052829], [61.800703, 26.106625], [61.809901, 26.167448], [61.818376, 26.198454], [61.832949, 26.225377], [61.857133, 26.242379], [61.977746, 26.273178], [62.013661, 26.294624], [62.032265, 26.302892], [62.05278, 26.308576], [62.094173, 26.314829], [62.103268, 26.325113], [62.106886, 26.349711], [62.123835, 26.373999], [62.161456, 26.369503], [62.205898, 26.355343], [62.243415, 26.350641], [62.265119, 26.360976], [62.26424, 26.375187], [62.254474, 26.393584], [62.248996, 26.416528], [62.256127, 26.428931], [62.287546, 26.456629], [62.297882, 26.474044], [62.296952, 26.480245], [62.293127, 26.485878], [62.29013, 26.492441], [62.291991, 26.501226], [62.298295, 26.508771], [62.306977, 26.51368], [62.32651, 26.520656], [62.334675, 26.524842], [62.347594, 26.533317], [62.355863, 26.536624], [62.365268, 26.537503], [62.386352, 26.536624], [62.396687, 26.539053], [62.402475, 26.543807], [62.41064, 26.55683], [62.418495, 26.562307], [62.428003, 26.564788], [62.595331, 26.580704], [62.615795, 26.587112], [62.624115, 26.592952], [62.632022, 26.600393], [62.6406, 26.605147], [62.651349, 26.603183], [62.662511, 26.598274], [62.671037, 26.597706], [62.70194, 26.60401], [62.71057, 26.606904], [62.718011, 26.610522], [62.724729, 26.615121], [62.735064, 26.632226], [62.742712, 26.641321], [62.753564, 26.644163], [62.821674, 26.642613], [62.900016, 26.640907], [62.990449, 26.638892], [63.029413, 26.633518], [63.068894, 26.632536], [63.09804, 26.638375], [63.1076, 26.6376], [63.11623, 26.634034], [63.123464, 26.629435], [63.131268, 26.625818], [63.141344, 26.625404], [63.163772, 26.645093], [63.174314, 26.685039], [63.182272, 26.83025], [63.189559, 26.846011], [63.206043, 26.853711], [63.246661, 26.85955], [63.261647, 26.871746], [63.264851, 26.890039], [63.25648, 26.906162], [63.243974, 26.92244], [63.234982, 26.941147], [63.229918, 27.05406], [63.231365, 27.065843], [63.235602, 27.075868], [63.246248, 27.089459], [63.249968, 27.099536], [63.260924, 27.115607], [63.280561, 27.123203], [63.30242, 27.123358], [63.319628, 27.117312], [63.285573, 27.184647], [63.271259, 27.203405], [63.260614, 27.213792], [63.251519, 27.21896], [63.226817, 27.22697], [63.215448, 27.233223], [63.189559, 27.254462], [63.177105, 27.258441], [63.166976, 27.258699], [63.112302, 27.243196], [63.099435, 27.242834], [63.082743, 27.244385], [63.056182, 27.243196], [63.003782, 27.228778], [62.97784, 27.225161], [62.919601, 27.214877], [62.892419, 27.213482], [62.860845, 27.219632], [62.837384, 27.231259], [62.829322, 27.233636], [62.822294, 27.232499], [62.808548, 27.225368], [62.800642, 27.225161], [62.785604, 27.232499], [62.742351, 27.266812], [62.758215, 27.267691], [62.768086, 27.274357], [62.774132, 27.285519], [62.778783, 27.299833], [62.780643, 27.31606], [62.775682, 27.326912], [62.756045, 27.348099], [62.8086, 27.453364], [62.814698, 27.494964], [62.809323, 27.547054], [62.799712, 27.63927], [62.794699, 27.689474], [62.786379, 27.77027], [62.780281, 27.829724], [62.754185, 27.925842], [62.735684, 27.994985], [62.751704, 28.108725], [62.76638, 28.211483], [62.761523, 28.246442], [62.739302, 28.258328], [62.575643, 28.229027], [62.555437, 28.240319], [62.492288, 28.300703], [62.477716, 28.322303], [62.471204, 28.339692], [62.46428, 28.349821], [62.453841, 28.355686], [62.437201, 28.360441], [62.420975, 28.368554], [62.410743, 28.380698], [62.402165, 28.394108], [62.390538, 28.406123], [62.362787, 28.418887], [62.230702, 28.442451], [62.147503, 28.475266], [62.115567, 28.481363], [62.049111, 28.486324], [62.018829, 28.494696], [61.971132, 28.518984], [61.91129, 28.533737], [61.89279, 28.5426], [61.861164, 28.574769], [61.797706, 28.626574], [61.756158, 28.673961], [61.653012, 28.756334], [61.623969, 28.78765], [61.595341, 28.842685], [61.566505, 28.870978], [61.561338, 28.885938], [61.55896, 28.902733], [61.553173, 28.922138], [61.510901, 29.007378], [61.502116, 29.017713], [61.490954, 29.02549], [61.478035, 29.030658], [61.470284, 29.035903], [61.46801, 29.041743], [61.4708, 29.047866], [61.478035, 29.054326], [61.487234, 29.06293], [61.490644, 29.072025], [61.48775, 29.080655], [61.478035, 29.087476], [61.460879, 29.093884], [61.45323, 29.108379], [61.447959, 29.125407], [61.437727, 29.139618], [61.426875, 29.14463], [61.417677, 29.145664], [61.408582, 29.148558], [61.397937, 29.159074], [61.392769, 29.170469], [61.390082, 29.195428], [61.386981, 29.206642], [61.374165, 29.22385], [61.342333, 29.25452], [61.332824, 29.274907], [61.332824, 29.294492], [61.34471, 29.329529], [61.34657, 29.349062], [61.337372, 29.374384], [61.319802, 29.385391], [61.298718, 29.392651], [61.279184, 29.40663], [61.196915, 29.492284], [61.118677, 29.573984], [61.043333, 29.652429], [60.978014, 29.720616], [60.925097, 29.77498], [60.844379, 29.858179], [60.876005, 29.845518], [60.947422, 29.825519], [61.030621, 29.802161], [61.114026, 29.778726], [61.197225, 29.755343], [61.280424, 29.732011], [61.363727, 29.708627], [61.446926, 29.685321], [61.530228, 29.66186], [61.613427, 29.638502], [61.696626, 29.615196], [61.779929, 29.591787], [61.863231, 29.568351], [61.946534, 29.545045], [62.029629, 29.521636], [62.112983, 29.498226], [62.196286, 29.47492], [62.279433, 29.451485], [62.374466, 29.424872], [62.477509, 29.407819], [62.602581, 29.41807], [62.63135, 29.420428], [62.680391, 29.424458], [62.72938, 29.428489], [62.778421, 29.43252], [62.827462, 29.436602], [62.876451, 29.440581], [62.925544, 29.444638], [62.974533, 29.448643], [63.023626, 29.452674], [63.072615, 29.456756], [63.121604, 29.460787], [63.170697, 29.464766], [63.219686, 29.468797], [63.268675, 29.472879], [63.317768, 29.47691], [63.366809, 29.480941], [63.415953, 29.484971], [63.568605, 29.497477], [63.78792, 29.46058], [63.971991, 29.429574], [64.086093, 29.386605], [64.113378, 29.396295], [64.149758, 29.458461], [64.172599, 29.4843], [64.207739, 29.499983], [64.477697, 29.570367], [64.499477, 29.570203], [64.683886, 29.568816], [64.820312, 29.567886], [64.986606, 29.541557], [65.036371, 29.540162], [65.181427, 29.57711], [65.239511, 29.591838], [65.297595, 29.606644], [65.355783, 29.621423], [65.413661, 29.636177], [65.471745, 29.650956], [65.529726, 29.665736], [65.58781, 29.680567], [65.645843, 29.695346], [65.70403, 29.710151], [65.762063, 29.724905], [65.820147, 29.739736], [65.878232, 29.75449], [65.936109, 29.769295], [65.994297, 29.784023], [66.052381, 29.798854], [66.110466, 29.813634], [66.195628, 29.835338], [66.27521, 29.885154], [66.301772, 29.915694], [66.322442, 29.946545], [66.328437, 29.949543], [66.336808, 29.952023], [66.340529, 29.956571], [66.332364, 29.966079], [66.301565, 29.98675], [66.260431, 30.02313], [66.225239, 30.04442], [66.219296, 30.057856], [66.221725, 30.073721], [66.236349, 30.1116], [66.300893, 30.225598], [66.305286, 30.24477], [66.303012, 30.305283], [66.321822, 30.437368], [66.319393, 30.457832], [66.313761, 30.478296], [66.306113, 30.491112], [66.281928, 30.518138], [66.264926, 30.557826], [66.267975, 30.601389], [66.366264, 30.922868], [66.375359, 30.936717], [66.392309, 30.944624], [66.527494, 30.968343], [66.550025, 30.976973], [66.643973, 31.060172], [66.663093, 31.083117], [66.696993, 31.195823], [66.721281, 31.210292], [66.759522, 31.214788], [66.785308, 31.23179], [66.808614, 31.254734], [66.838483, 31.277007], [66.905921, 31.305532], [66.943283, 31.314731], [67.002091, 31.315867], [67.016818, 31.309149], [67.023898, 31.2953], [67.025965, 31.273028], [67.023433, 31.264863], [67.017904, 31.258713], [67.013873, 31.252667], [67.015268, 31.244657], [67.022865, 31.239386], [67.035267, 31.235924], [67.058211, 31.232358], [67.078468, 31.232048], [67.116864, 31.240316], [67.136759, 31.241092], [67.156707, 31.235924], [67.19319, 31.218509], [67.213757, 31.212256], [67.230294, 31.210603], [67.282177, 31.212773], [67.346204, 31.20776], [67.364601, 31.210706], [67.433899, 31.236079], [67.493327, 31.242952], [67.530224, 31.256646], [67.583657, 31.265225], [67.602157, 31.271116], [67.665926, 31.306256], [67.678949, 31.316591], [67.692798, 31.325221], [67.709024, 31.329303], [67.749435, 31.328011], [67.764731, 31.334058], [67.775067, 31.352764], [67.770364, 31.394674], [67.734294, 31.404751], [67.651147, 31.395294], [67.631406, 31.4001], [67.611459, 31.410797], [67.59699, 31.42568], [67.591099, 31.464799], [67.578076, 31.48211], [67.5634, 31.497252], [67.556114, 31.512186], [67.568981, 31.52986], [67.600504, 31.53048], [67.665461, 31.518129], [67.696312, 31.520816], [67.726698, 31.53141], [67.74828, 31.544392], [67.781165, 31.564173], [67.842711, 31.623497], [67.870668, 31.635176], [67.884311, 31.635641], [67.914696, 31.631352], [67.955211, 31.633212], [67.966063, 31.638225], [67.977328, 31.651868], [67.994071, 31.663443], [68.046575, 31.688403], [68.052259, 31.695431], [68.055566, 31.716566], [68.060476, 31.725558], [68.093497, 31.751551], [68.09834, 31.759124], [68.104504, 31.76876], [68.125743, 31.811496], [68.138559, 31.824674], [68.159126, 31.825914], [68.184758, 31.818214], [68.206823, 31.807879], [68.2323, 31.790154], [68.242635, 31.776925], [68.255037, 31.766383], [68.276948, 31.763592], [68.316532, 31.765194], [68.356065, 31.762507], [68.460968, 31.730467], [68.49802, 31.725248], [68.515177, 31.729951], [68.536829, 31.741009], [68.5498, 31.753515], [68.540601, 31.762507], [68.521274, 31.764781], [68.461433, 31.763592], [68.439574, 31.766589], [68.422211, 31.773152], [68.418748, 31.783022], [68.438179, 31.796045], [68.481484, 31.815682], [68.5051, 31.822658], [68.527476, 31.822968], [68.561065, 31.811806], [68.61946, 31.783487], [68.675787, 31.774702], [68.688293, 31.768605], [68.694907, 31.756357], [68.697905, 31.715946], [68.705449, 31.70127], [68.731184, 31.675535], [68.77728, 31.618588], [68.803841, 31.602568], [68.843529, 31.606496], [68.906987, 31.634298], [68.94099, 31.643651], [68.977267, 31.641481], [69.004036, 31.651092], [69.040106, 31.673107], [69.071628, 31.69786], [69.084754, 31.715791], [69.10005, 31.724008], [69.114313, 31.737754], [69.223764, 31.881931], [69.250946, 31.907046], [69.29885, 31.93769], [69.301157, 31.941282], [69.304793, 31.94694], [69.302157, 31.959911], [69.270634, 32.035978], [69.251049, 32.13065], [69.251876, 32.15225], [69.259524, 32.194522], [69.259989, 32.236819], [69.266965, 32.279581], [69.268102, 32.301337], [69.264433, 32.322369], [69.238543, 32.378283], [69.228001, 32.421304], [69.232859, 32.462671], [69.251566, 32.50055], [69.281952, 32.532796], [69.302105, 32.543777], [69.34355, 32.55605], [69.361223, 32.568478], [69.413933, 32.635477], [69.426025, 32.655088], [69.429126, 32.667361], [69.419101, 32.70046], [69.41724, 32.718004], [69.414657, 32.725575], [69.407732, 32.729941], [69.399154, 32.732964], [69.39042, 32.737899], [69.383237, 32.744462], [69.37807, 32.752317], [69.376313, 32.771877], [69.387165, 32.785338], [69.421064, 32.80681], [69.445559, 32.835671], [69.471449, 32.852234], [69.477288, 32.856833], [69.48721, 32.885875], [69.468503, 32.994292], [69.478125, 33.01135], [69.487727, 33.028373], [69.514185, 33.056691], [69.547517, 33.075011], [69.587773, 33.079532], [69.60834, 33.079067], [69.640689, 33.084235], [69.650198, 33.081858], [69.658776, 33.078421], [69.667768, 33.077], [69.68601, 33.080773], [69.732983, 33.109298], [69.771844, 33.114776], [69.838713, 33.086664], [69.880933, 33.089248], [69.955812, 33.127695], [69.965734, 33.1294], [69.994725, 33.127333], [70.006869, 33.131803], [70.014517, 33.140769], [70.048003, 33.194073], [70.059785, 33.198052], [70.08366, 33.191283], [70.105364, 33.18981], [70.124794, 33.199034], [70.294448, 33.318949], [70.301579, 33.35179], [70.285715, 33.382873], [70.233005, 33.432612], [70.227837, 33.43995], [70.220447, 33.456021], [70.213368, 33.461344], [70.185462, 33.468966], [70.177607, 33.47341], [70.163758, 33.488655], [70.154973, 33.506612], [70.151356, 33.525862], [70.153009, 33.544749], [70.173473, 33.607872], [70.174093, 33.632108], [70.170218, 33.638671], [70.162518, 33.643245], [70.145981, 33.649885], [70.136886, 33.656293], [70.132546, 33.661435], [70.126551, 33.676964], [70.118128, 33.716522], [70.108154, 33.727296], [70.065573, 33.721018], [70.011829, 33.740319], [69.996478, 33.742091], [69.972659, 33.744841], [69.957518, 33.752695], [69.947234, 33.771971], [69.940103, 33.791479], [69.931318, 33.806439], [69.907546, 33.83561], [69.898761, 33.851501], [69.885429, 33.889457], [69.876489, 33.902557], [69.847188, 33.926948], [69.841091, 33.941805], [69.854216, 33.956352], [69.871993, 33.971519], [69.873853, 33.986325], [69.870443, 34.001337], [69.872613, 34.017227], [69.889253, 34.031206], [69.916021, 34.038879], [69.969093, 34.045727], [70.002838, 34.043789], [70.218845, 33.980692], [70.275586, 33.97617], [70.309899, 33.961675], [70.328193, 33.957282], [70.408963, 33.954414], [70.49149, 33.939609], [70.521979, 33.938705], [70.656183, 33.95475], [70.791317, 33.953562], [70.862217, 33.964775], [70.879994, 33.994257], [70.884334, 34.007047], [70.894308, 34.009372], [70.921231, 34.002241], [70.939731, 34.000923], [70.953994, 34.004825], [70.965725, 34.013816], [70.977145, 34.027407], [70.997712, 34.033324], [71.046702, 34.041877], [71.062618, 34.054253], [71.067269, 34.073012], [71.063858, 34.088928], [71.062773, 34.10531], [71.073884, 34.125257], [71.101789, 34.151818], [71.108093, 34.165228], [71.109489, 34.189206], [71.106543, 34.209386], [71.09688, 34.244345], [71.097086, 34.262458], [71.126387, 34.332221], [71.122046, 34.356819], [71.050939, 34.389788], [71.01983, 34.414438], [70.991511, 34.443067], [70.970841, 34.468879], [70.961229, 34.487612], [70.955648, 34.510014], [70.956991, 34.532002], [70.96867, 34.549727], [70.983356, 34.555256], [70.985827, 34.556186], [71.006963, 34.556341], [71.047529, 34.551122], [71.065822, 34.55846], [71.076571, 34.578511], [71.079878, 34.602902], [71.076261, 34.623624], [71.068768, 34.645948], [71.070163, 34.661245], [71.080601, 34.672923], [71.150933, 34.720311], [71.189535, 34.737054], [71.203075, 34.748164], [71.25563, 34.810228], [71.270822, 34.844283], [71.289478, 34.87503], [71.324928, 34.897561], [71.445239, 34.937757], [71.459958, 34.942674], [71.46957, 34.949702], [71.476701, 34.960296], [71.485383, 34.983499], [71.493341, 34.994041], [71.493341, 34.994144], [71.493444, 34.994144], [71.504297, 35.000604], [71.511325, 35.008717], [71.512978, 35.018122], [71.5075, 35.028199], [71.508947, 35.072021], [71.534992, 35.098582], [71.604135, 35.138166], [71.62925, 35.170102], [71.637932, 35.189688], [71.633694, 35.203124], [71.603205, 35.223381], [71.547808, 35.275626], [71.529825, 35.300895], [71.531582, 35.327922], [71.562277, 35.360582], [71.61106, 35.395463], [71.620879, 35.410139], [71.622429, 35.429621], [71.613954, 35.443212], [71.600725, 35.45546], [71.593422, 35.464194], [71.587806, 35.470911], [71.581708, 35.493132], [71.586049, 35.512097], [71.59287, 35.530184], [71.59349, 35.549356], [71.584188, 35.564187], [71.567859, 35.574212], [71.512771, 35.596278], [71.492721, 35.609559], [71.483316, 35.62656], [71.495925, 35.646611], [71.514012, 35.665576], [71.519799, 35.683766], [71.515355, 35.701491], [71.502746, 35.719061], [71.496132, 35.724591], [71.481352, 35.734099], [71.475564, 35.741024], [71.47112, 35.752289], [71.471017, 35.761333], [71.47205, 35.769962], [71.470914, 35.779936], [71.464402, 35.794715], [71.431019, 35.843705], [71.416705, 35.858846], [71.371333, 35.885149], [71.360688, 35.90029], [71.356399, 35.933053], [71.341567, 35.947264], [71.312525, 35.957393], [71.28431, 35.962457], [71.257438, 35.971552], [71.23191, 35.99398], [71.217854, 36.002713], [71.181887, 36.018836], [71.170932, 36.027001], [71.169913, 36.030802], [71.165919, 36.045708], [71.175376, 36.061159], [71.207622, 36.087617], [71.212635, 36.096816], [71.217699, 36.118055], [71.223073, 36.125393], [71.262296, 36.146115], [71.292682, 36.157897], [71.302087, 36.163323], [71.309011, 36.172729], [71.313972, 36.194019], [71.31914, 36.200582], [71.382443, 36.218566], [71.402752, 36.231381], [71.479078, 36.300524], [71.495822, 36.309619], [71.514632, 36.315201], [71.53892, 36.319283], [71.55835, 36.327861], [71.552666, 36.340987], [71.542227, 36.356387], [71.547188, 36.371631], [71.572303, 36.391682], [71.580364, 36.402327], [71.588736, 36.41845], [71.600725, 36.449301], [71.61044, 36.457931], [71.629147, 36.459533], [71.649301, 36.452763], [71.706868, 36.421447], [71.736324, 36.395919], [71.751, 36.391113], [71.766916, 36.391837], [71.782626, 36.396539], [71.794408, 36.407598], [71.791514, 36.421292], [71.774564, 36.448422], [71.773221, 36.480048], [71.793788, 36.490745], [71.85859, 36.494156], [71.874713, 36.499065], [71.887632, 36.508005], [71.899725, 36.518341], [71.913471, 36.527591], [71.960909, 36.549605], [71.977033, 36.563041], [71.997806, 36.572446], [72.038838, 36.580456], [72.054961, 36.592858], [72.056304, 36.601901], [72.05217, 36.610376], [72.050413, 36.618645], [72.059095, 36.627119], [72.070877, 36.632287], [72.096095, 36.638902], [72.154179, 36.645465], [72.171646, 36.653629], [72.164618, 36.670063], [72.149632, 36.689338], [72.153456, 36.702102], [72.169682, 36.711352], [72.213607, 36.726442], [72.301974, 36.74272], [72.346209, 36.74489], [72.387343, 36.755794], [72.433129, 36.753417], [72.454109, 36.757964], [72.516741, 36.800597], [72.565214, 36.820596], [72.629602, 36.832947], [72.695852, 36.836719], [72.779361, 36.826797], [72.867727, 36.830415], [72.896873, 36.836977], [72.921058, 36.847364], [72.945862, 36.852222], [72.976765, 36.842093], [72.990511, 36.841577], [73.002293, 36.846124], [73.026271, 36.859457], [73.042497, 36.864263], [73.191842, 36.877027], [73.223468, 36.874339], [73.252717, 36.868035], [73.267496, 36.866536], [73.281862, 36.867983], [73.331782, 36.882091], [73.379738, 36.879249], [73.445883, 36.886483], [73.476889, 36.882866], [73.509342, 36.87868], [73.640083, 36.896638], [73.709483, 36.894221], [73.711128, 36.894164], [73.711335, 36.894157], [73.711842, 36.894139], [73.772892, 36.892013], [73.834077, 36.882866], [73.865083, 36.872582], [73.946938, 36.83088], [73.976704, 36.824833], [74.006366, 36.815738], [74.035305, 36.815583], [74.094319, 36.831241], [74.103931, 36.841318], [74.108789, 36.875631], [74.1153, 36.889532], [74.129666, 36.898421], [74.145996, 36.901702], [74.211728, 36.895139], [74.235706, 36.902167], [74.284592, 36.934232], [74.368101, 36.976762], [74.394043, 36.994022], [74.43559, 37.003221], [74.456984, 37.004383], [74.476622, 36.999319], [74.480342, 36.996916], [74.48365, 36.99397], [74.501736, 36.972421], [74.521373, 36.958495], [74.537393, 36.962241], [74.544214, 36.994022], [74.548142, 37.001644], [74.549279, 37.008931], [74.547418, 37.015675], [74.542354, 37.021669], [74.561784, 37.029679], [74.62607, 37.042753], [74.66245, 37.054484], [74.677953, 37.051693], [74.692216, 37.03588], [74.719191, 37.01645], [74.792571, 37.015158], [74.824301, 36.994125], [74.824507, 36.994125], [74.853239, 36.958985], [74.860887, 36.946893], [74.866779, 36.916559], [74.87236, 36.907102], [74.885796, 36.911443], [74.891997, 36.920977], [74.900782, 36.949916], [74.910497, 36.962551], [74.924966, 36.970871], [74.94233, 36.976995], [74.976849, 36.984281], [75.01447, 36.984488], [75.100149, 36.994125], [75.118546, 36.991232], [75.132809, 36.984695], [75.161231, 36.964205], [75.195131, 36.948883], [75.31347, 36.928755], [75.351297, 36.915784], [75.377962, 36.894287], [75.394498, 36.864263], [75.401423, 36.825867], [75.403387, 36.784784], [75.410518, 36.747319], [75.431912, 36.722928], [75.49258, 36.720705], [75.498885, 36.72763], [75.501882, 36.737965], [75.50798, 36.747629], [75.570508, 36.766749], [75.64978, 36.754037], [75.728741, 36.723186], [75.790547, 36.687839], [75.849768, 36.644741], [75.874779, 36.619471], [75.976582, 36.462633], [75.976811, 36.461756], [75.981083, 36.445444]]], [[[67.375499, 24.06273], [67.390391, 24.049262], [67.413259, 24.048774], [67.458018, 24.06273], [67.477794, 24.051215], [67.485362, 24.048529], [67.485281, 24.048489], [67.46518, 24.040595], [67.460785, 24.026679], [67.453949, 24.013414], [67.426931, 24.007514], [67.409434, 24.013495], [67.393403, 24.028062], [67.385427, 24.040188], [67.381521, 24.04621], [67.375499, 24.06273]]]]}}, {"type": "Feature", "id": "KWT", "properties": {"name": "Kuwait", "iso3": "KWT"}, "geometry": {"type": "MultiPolygon", "coordinates": [[[[47.948009, 29.994045], [47.955089, 29.977281], [47.965505, 29.962063], [47.975271, 29.942572], [47.979747, 29.921454], [47.979503, 29.884345], [47.982677, 29.860663], [47.995616, 29.827704], [48.021739, 29.779731], [48.052419, 29.742987], [48.078868, 29.743964], [48.096039, 29.699164], [48.119151, 29.654527], [48.161306, 29.60163], [48.180917, 29.562217], [48.176758, 29.541916], [48.154518, 29.53909], [48.113536, 29.554633], [48.09254, 29.565823], [48.085948, 29.575019], [48.066349, 29.577556], [48.041923, 29.582093], [48.023859, 29.584809], [47.965531, 29.576298], [47.935977, 29.554025], [47.91062, 29.531789], [47.849258, 29.501979], [47.807043, 29.467622], [47.784952, 29.437049], [47.763865, 29.412933], [47.718387, 29.394195], [47.714206, 29.378471], [47.704717, 29.363633], [47.726999, 29.361926], [47.764148, 29.367699], [47.791744, 29.372481], [47.813999, 29.379994], [47.837304, 29.387505], [47.851152, 29.380198], [47.822612, 29.363431], [47.822695, 29.351433], [47.816434, 29.337556], [47.840926, 29.322931], [47.857903, 29.323029], [47.876954, 29.328671], [47.899185, 29.335249], [47.905387, 29.359263], [47.920202, 29.364872], [47.939326, 29.359433], [47.959374, 29.372437], [47.969883, 29.387239], [47.98574, 29.393761], [47.993012, 29.387926], [48.008393, 29.369167], [48.010509, 29.366523], [48.025238, 29.354885], [48.035411, 29.351793], [48.063274, 29.343368], [48.100266, 29.349954], [48.093053, 29.305679], [48.092073, 29.287233], [48.095376, 29.257746], [48.106131, 29.213525], [48.114659, 29.193256], [48.128447, 29.1739], [48.133804, 29.153617], [48.158458, 29.017279], [48.176036, 28.983791], [48.225922, 28.91828], [48.240977, 28.905666], [48.27947, 28.894436], [48.2824, 28.879381], [48.278168, 28.859687], [48.276866, 28.839586], [48.285167, 28.819892], [48.312511, 28.785956], [48.31837, 28.77383], [48.328787, 28.759955], [48.352306, 28.751207], [48.393565, 28.743394], [48.3838, 28.728013], [48.379649, 28.710354], [48.380707, 28.692084], [48.386729, 28.675116], [48.371593, 28.684394], [48.366222, 28.688707], [48.365001, 28.680813], [48.365977, 28.675727], [48.370453, 28.671942], [48.379893, 28.66767], [48.372406, 28.659166], [48.367686, 28.656724], [48.36378, 28.658149], [48.359548, 28.661444], [48.352712, 28.661444], [48.351817, 28.64053], [48.361013, 28.635565], [48.374685, 28.641669], [48.386729, 28.653998], [48.389496, 28.643744], [48.393565, 28.595649], [48.397146, 28.583319], [48.405284, 28.569892], [48.420909, 28.551581], [48.432465, 28.540717], [48.432781, 28.54048], [48.255225, 28.538879], [48.077406, 28.537277], [47.899587, 28.535624], [47.721821, 28.53397], [47.668129, 28.533505], [47.659809, 28.560041], [47.641102, 28.577249], [47.618158, 28.591486], [47.596815, 28.608823], [47.581674, 28.631483], [47.568031, 28.660991], [47.55842, 28.69148], [47.554596, 28.745378], [47.549945, 28.770596], [47.494496, 28.904025], [47.446323, 28.976243], [47.434086, 28.994588], [47.433983, 28.994614], [47.433466, 28.994717], [47.433363, 28.994717], [47.377552, 29.001202], [47.278023, 29.012701], [47.178391, 29.024224], [47.078759, 29.035748], [46.97923, 29.04722], [46.867351, 29.059416], [46.755781, 29.071534], [46.64416, 29.083626], [46.532436, 29.095745], [46.561468, 29.124167], [46.711856, 29.271393], [46.774488, 29.363532], [46.838567, 29.424975], [46.85345, 29.44456], [46.883112, 29.512515], [46.957836, 29.620441], [46.97737, 29.657984], [46.97985, 29.668061], [46.983674, 29.698292], [46.988842, 29.712658], [47.025429, 29.772137], [47.110488, 29.960911], [47.144698, 30.003338], [47.197098, 30.03424], [47.358225, 30.092118], [47.415793, 30.098216], [47.674175, 30.098216], [47.731432, 30.088552], [47.948009, 29.994045]]], [[[48.338227, 29.462795], [48.353852, 29.457424], [48.361664, 29.451606], [48.37322, 29.443061], [48.381114, 29.433987], [48.389008, 29.424872], [48.399464, 29.397639], [48.397356, 29.387497], [48.382541, 29.392089], [48.373014, 29.393919], [48.363482, 29.399436], [48.335927, 29.420593], [48.316867, 29.427013], [48.290404, 29.430649], [48.269242, 29.429685], [48.27003, 29.455878], [48.27003, 29.455959], [48.281098, 29.471096], [48.298513, 29.473131], [48.338227, 29.462795]]], [[[48.352712, 29.709784], [48.333832, 29.679267], [48.303071, 29.645209], [48.266287, 29.615953], [48.229015, 29.599921], [48.222341, 29.600531], [48.185802, 29.603949], [48.161632, 29.629706], [48.12672, 29.702338], [48.085134, 29.767808], [48.079275, 29.773912], [48.073741, 29.77969], [48.053722, 29.790025], [48.046072, 29.800482], [48.065196, 29.812201], [48.076834, 29.817572], [48.098481, 29.830715], [48.109548, 29.833319], [48.113292, 29.839097], [48.119151, 29.873603], [48.103282, 29.879136], [48.0949, 29.880316], [48.085297, 29.87991], [48.085134, 29.879869], [48.095063, 29.894721], [48.109223, 29.893622], [48.133556, 29.879869], [48.144867, 29.878323], [48.158702, 29.879218], [48.166515, 29.885932], [48.160818, 29.901557], [48.178884, 29.908515], [48.193696, 29.916449], [48.197439, 29.92536], [48.181407, 29.935085], [48.181326, 29.935126], [48.169932, 29.936469], [48.156749, 29.931138], [48.147227, 29.935126], [48.142833, 29.941718], [48.140391, 29.952216], [48.139415, 29.962836], [48.140391, 29.969794], [48.140391, 29.969875], [48.122732, 29.969672], [48.120291, 29.971422], [48.11671, 29.974066], [48.12086, 29.981391], [48.133556, 29.989691], [48.14796, 29.99494], [48.16212, 29.995673], [48.175792, 29.991889], [48.188731, 29.983547], [48.344493, 29.790595], [48.359548, 29.754462], [48.352712, 29.709784]]], [[[48.078868, 30.004055], [48.072439, 29.998725], [48.062755, 29.987454], [48.05836, 29.983547], [48.031098, 29.971015], [48.023692, 29.969875], [48.016287, 29.9737], [48.010753, 29.980455], [48.009288, 29.986884], [48.023123, 29.995185], [48.04363, 30.019029], [48.054698, 30.024482], [48.093761, 30.029283], [48.093842, 30.029283], [48.109223, 30.027981], [48.10613, 30.017646], [48.078868, 30.004055]]]]}}, {"type": "Feature", "id": "BHR", "properties": {"name": "Bahrain", "iso3": "BHR"}, "geometry": {"type": "MultiPolygon", "coordinates": [[[[50.551606, 26.194241], [50.594737, 26.160305], [50.604871, 26.174732], [50.619898, 26.185466], [50.626339, 26.170438], [50.632779, 26.146823], [50.64566, 26.14575], [50.635507, 26.134382], [50.634926, 26.115694], [50.614757, 26.111151], [50.620616, 26.052965], [50.618419, 25.964748], [50.603526, 25.85456], [50.594493, 25.832709], [50.56544, 25.7897], [50.565278, 25.789537], [50.558604, 25.81977], [50.547211, 25.852932], [50.531423, 25.88524], [50.511404, 25.913031], [50.467784, 25.957587], [50.46046, 25.985297], [50.479991, 26.018866], [50.485444, 26.033433], [50.490896, 26.048], [50.485199, 26.085639], [50.469981, 26.122626], [50.452973, 26.149563], [50.448904, 26.161607], [50.449555, 26.177965], [50.461192, 26.225246], [50.468516, 26.236884], [50.481456, 26.24258], [50.481619, 26.24254], [50.482595, 26.24254], [50.503917, 26.242011], [50.516368, 26.239691], [50.5324, 26.2331], [50.545421, 26.227729], [50.545502, 26.227769], [50.586681, 26.242499], [50.593272, 26.238593], [50.597423, 26.225531], [50.604747, 26.216498], [50.606944, 26.212388], [50.609141, 26.208279], [50.603526, 26.197659], [50.594086, 26.195299], [50.565603, 26.198879], [50.551606, 26.194241]]], [[[50.397704, 26.174732], [50.408438, 26.171511], [50.419172, 26.166144], [50.419172, 26.14897], [50.421319, 26.135016], [50.423466, 26.119988], [50.405218, 26.124282], [50.385897, 26.123208], [50.38053, 26.139309], [50.382676, 26.159704], [50.397704, 26.174732]]], [[[50.60165, 26.278852], [50.632779, 26.287439], [50.65532, 26.276705], [50.656394, 26.261677], [50.656394, 26.24665], [50.671421, 26.227328], [50.684302, 26.221961], [50.678935, 26.208007], [50.673568, 26.20264], [50.657467, 26.211227], [50.653174, 26.225181], [50.647807, 26.239136], [50.633852, 26.242356], [50.620972, 26.244503], [50.612384, 26.241283], [50.599504, 26.262751], [50.60165, 26.278852]]], [[[50.77431, 25.721648], [50.782537, 25.720382], [50.790764, 25.726078], [50.80089, 25.73114], [50.80089, 25.724812], [50.798358, 25.715952], [50.790764, 25.705827], [50.78317, 25.696967], [50.788233, 25.692537], [50.795827, 25.684943], [50.79203, 25.67988], [50.780006, 25.682411], [50.77431, 25.678614], [50.766083, 25.671653], [50.762286, 25.667856], [50.766716, 25.654566], [50.77431, 25.645074], [50.776209, 25.638745], [50.769248, 25.636214], [50.765451, 25.629886], [50.764185, 25.621659], [50.769881, 25.617862], [50.77431, 25.612166], [50.767982, 25.60647], [50.762286, 25.597611], [50.757224, 25.588751], [50.759755, 25.582422], [50.756591, 25.579891], [50.7452, 25.584954], [50.737606, 25.595712], [50.741403, 25.605205], [50.748997, 25.621026], [50.748364, 25.630518], [50.748364, 25.644441], [50.739504, 25.653301], [50.740137, 25.662161], [50.741403, 25.674185], [50.7452, 25.687474], [50.755325, 25.70203], [50.768615, 25.716585], [50.77431, 25.721648]]], [[[50.775576, 25.752657], [50.78317, 25.755821], [50.790132, 25.755188], [50.791397, 25.74886], [50.780639, 25.745063], [50.775576, 25.752657]]], [[[50.804687, 25.679247], [50.819875, 25.678614], [50.816711, 25.669122], [50.808484, 25.664059], [50.804054, 25.669755], [50.802156, 25.674817], [50.804687, 25.679247]]], [[[50.793296, 25.652035], [50.799624, 25.651402], [50.811648, 25.649504], [50.816711, 25.644441], [50.815445, 25.636847], [50.811648, 25.631784], [50.807851, 25.63305], [50.802788, 25.634315], [50.795827, 25.63305], [50.790764, 25.630518], [50.786334, 25.638745], [50.788233, 25.643808], [50.785069, 25.648238], [50.786967, 25.652668], [50.793296, 25.652035]]]]}}]}